Skew,Variance,Mean,Dose,Cell,Date,Time,Kurtosis,Ligand
5.4110065,435473660.0,16374.072,84.0,Treg,2019-3-19,4.0,150.8472,IL2
1.3786159,460988060.0,17335.598,28.0,Treg,2019-3-19,4.0,2.0027199,IL2
85.95638,5439667000.0,19077.42,9.333333,Treg,2019-3-19,4.0,8172.8193,IL2
0.68416905,209138900.0,17512.873,3.111,Treg,2019-3-19,4.0,0.96122074,IL2
0.73747796,92426430.0,12621.281,1.037037,Treg,2019-3-19,4.0,1.4698586,IL2
3.719838,225995180.0,8544.198,0.345679,Treg,2019-3-19,4.0,15.4862385,IL2
3.2696242,25819548.0,1546.8145,0.115226,Treg,2019-3-19,4.0,12.930188,IL2
5.13397,17774110.0,343.42188,0.038409,Treg,2019-3-19,4.0,28.954739,IL2
1.0188844,3535378.2,0.0,0.012803,Treg,2019-3-19,4.0,1.651257,IL2
1.6431541,4524802.5,199.52441,0.004268,Treg,2019-3-19,4.0,6.563939,IL2
0.98516303,3339600.2,87.83789,0.001423,Treg,2019-3-19,4.0,1.8436799,IL2
1.1711565,3462858.2,70.94141,0.000474,Treg,2019-3-19,4.0,2.8209367,IL2
4.7955413,494939680.0,18516.197,84.0,Thelper,2019-3-19,4.0,155.82095,IL2
1.2584503,429210780.0,17967.549,28.0,Thelper,2019-3-19,4.0,1.4181099,IL2
1.1912619,490960600.0,19422.521,9.333333,Thelper,2019-3-19,4.0,1.0195723,IL2
1.8402238,341408700.0,15613.811,3.111,Thelper,2019-3-19,4.0,5.8400316,IL2
2.1137009,226472270.0,11358.521,1.037037,Thelper,2019-3-19,4.0,5.411792,IL2
2.9353843,469551550.0,11528.477,0.345679,Thelper,2019-3-19,4.0,9.37988,IL2
5.1007543,293790460.0,5126.8286,0.115226,Thelper,2019-3-19,4.0,27.807331,IL2
4.684412,116558170.0,2860.8423,0.038409,Thelper,2019-3-19,4.0,22.990915,IL2
8.121351,19096662.0,762.42944,0.012803,Thelper,2019-3-19,4.0,74.39382,IL2
1.1879015,1833862.4,0.0,0.004268,Thelper,2019-3-19,4.0,1.937293,IL2
1.286412,2778126.5,18.953613,0.001423,Thelper,2019-3-19,4.0,1.5900726,IL2
2.5152078,5184225.5,774.3721,0.000474,Thelper,2019-3-19,4.0,10.606181,IL2
2.739952,733883400.0,20351.041,84.0,Treg,2019-3-19,2.0,39.98348,IL2
1.378068,679924000.0,19983.217,28.0,Treg,2019-3-19,2.0,1.6552501,IL2
0.7729262,455921100.0,21814.24,9.333333,Treg,2019-3-19,2.0,0.470958,IL2
0.53627026,270229220.0,20362.203,3.111,Treg,2019-3-19,2.0,0.7339709,IL2
0.9252267,46222024.0,7178.771,1.037037,Treg,2019-3-19,2.0,0.52653456,IL2
5.3345246,115929576.0,4242.36,0.345679,Treg,2019-3-19,2.0,32.794743,IL2
5.243679,83194500.0,2252.0273,0.115226,Treg,2019-3-19,2.0,32.08648,IL2
9.893899,16749989.0,613.9287,0.038409,Treg,2019-3-19,2.0,139.69862,IL2
6.4397783,8762278.0,367.36426,0.012803,Treg,2019-3-19,2.0,67.6767,IL2
7.8894615,8960021.0,216.4253,0.004268,Treg,2019-3-19,2.0,93.40018,IL2
5.6918726,8682289.0,0.0,0.001423,Treg,2019-3-19,2.0,45.982475,IL2
3.7524314,8607766.0,566.2803,0.000474,Treg,2019-3-19,2.0,20.465237,IL2
1.3117425,736669250.0,21950.959,84.0,Thelper,2019-3-19,2.0,2.5979285,IL2
1.1114688,643630200.0,21662.76,28.0,Thelper,2019-3-19,2.0,0.6077175,IL2
1.4683824,497016960.0,16014.789,9.333333,Thelper,2019-3-19,2.0,2.1940327,IL2
0.8775075,280849860.0,16433.238,3.111,Thelper,2019-3-19,2.0,0.5147605,IL2
2.7317545,103973600.0,5106.7026,1.037037,Thelper,2019-3-19,2.0,8.430265,IL2
4.4720836,194499840.0,4260.7354,0.345679,Thelper,2019-3-19,2.0,24.23084,IL2
5.666839,42312050.0,1252.0869,0.115226,Thelper,2019-3-19,2.0,39.05716,IL2
5.180613,11129800.0,193.69653,0.038409,Thelper,2019-3-19,2.0,32.52643,IL2
3.3782117,6274221.5,0.0,0.012803,Thelper,2019-3-19,2.0,15.366112,IL2
2.8636441,3555244.5,45.40088,0.004268,Thelper,2019-3-19,2.0,14.488346,IL2
3.2205606,6293340.5,49.64258,0.001423,Thelper,2019-3-19,2.0,12.961476,IL2
1.7012768,6393180.0,258.58252,0.000474,Thelper,2019-3-19,2.0,2.800476,IL2
0.5509098,469721570.0,25194.488,84.0,Treg,2019-3-19,1.0,0.09632707,IL2
1.2675127,261368660.0,12998.063,28.0,Treg,2019-3-19,1.0,1.3162179,IL2
1.6391593,144728770.0,9188.8545,9.333333,Treg,2019-3-19,1.0,3.192255,IL2
1.3992845,271630430.0,15713.86,3.111,Treg,2019-3-19,1.0,3.881267,IL2
3.3654377,139249060.0,6071.75,1.037037,Treg,2019-3-19,1.0,13.705624,IL2
3.6355336,132735290.0,4451.785,0.345679,Treg,2019-3-19,1.0,14.689234,IL2
7.3428254,106261650.0,2162.9053,0.115226,Treg,2019-3-19,1.0,54.14641,IL2
5.6470456,68974240.0,1694.2686,0.038409,Treg,2019-3-19,1.0,31.566952,IL2
0.26081282,1914260.8,349.00928,0.012803,Treg,2019-3-19,1.0,-0.35862207,IL2
5.5695047,29455010.0,1030.8809,0.004268,Treg,2019-3-19,1.0,33.320824,IL2
0.6288839,2910086.2,0.0,0.001423,Treg,2019-3-19,1.0,0.41252708,IL2
3.4801056,4782771.0,234.90039,0.000474,Treg,2019-3-19,1.0,21.883066,IL2
0.8819713,505255740.0,24666.947,84.0,Thelper,2019-3-19,1.0,0.7462628,IL2
1.703883,179394140.0,10452.82,28.0,Thelper,2019-3-19,1.0,3.3520021,IL2
1.7087919,124059290.0,9270.88,9.333333,Thelper,2019-3-19,1.0,3.4914646,IL2
1.6434666,326445760.0,13061.029,3.111,Thelper,2019-3-19,1.0,2.4413004,IL2
4.593943,338016320.0,8323.6,1.037037,Thelper,2019-3-19,1.0,31.6372,IL2
3.2413068,126380584.0,4601.45,0.345679,Thelper,2019-3-19,1.0,10.805651,IL2
4.5324173,11522329.0,994.7959,0.115226,Thelper,2019-3-19,1.0,26.197918,IL2
3.2521424,6332116.5,957.29517,0.038409,Thelper,2019-3-19,1.0,16.628849,IL2
1.636054,2452411.8,494.25903,0.012803,Thelper,2019-3-19,1.0,4.1222086,IL2
0.7804803,1628471.0,0.0,0.004268,Thelper,2019-3-19,1.0,0.54281807,IL2
0.6323785,1751111.9,333.17114,0.001423,Thelper,2019-3-19,1.0,0.32677174,IL2
4.022318,2700926.0,79.14453,0.000474,Thelper,2019-3-19,1.0,38.79832,IL2
0.6499506,626114940.0,25588.078,84.0,Treg,2019-3-19,0.5,-0.23555541,IL2
0.7752628,811608260.0,27628.781,28.0,Treg,2019-3-19,0.5,-0.06659889,IL2
0.754995,881852400.0,29111.867,9.333333,Treg,2019-3-19,0.5,-0.14679337,IL2
1.0257125,522674300.0,22475.832,3.111,Treg,2019-3-19,0.5,1.4706411,IL2
3.3660693,133137370.0,6667.4043,1.037037,Treg,2019-3-19,0.5,14.969166,IL2
7.7392225,124701890.0,2559.2227,0.345679,Treg,2019-3-19,0.5,71.459206,IL2
6.6644273,32221856.0,1141.0332,0.115226,Treg,2019-3-19,0.5,55.734776,IL2
4.569261,59220340.0,1582.5781,0.038409,Treg,2019-3-19,0.5,23.403896,IL2
6.3796954,12615319.0,234.40479,0.012803,Treg,2019-3-19,0.5,56.559467,IL2
4.9375834,5053997.0,0.0,0.004268,Treg,2019-3-19,0.5,38.26505,IL2
5.494599,13239263.0,113.01611,0.001423,Treg,2019-3-19,0.5,35.82334,IL2
2.139133,4833708.0,303.53516,0.000474,Treg,2019-3-19,0.5,6.689971,IL2
1.5418218,654836160.0,27485.637,84.0,Thelper,2019-3-19,0.5,23.324644,IL2
0.64044416,833358140.0,31488.645,28.0,Thelper,2019-3-19,0.5,-0.38652396,IL2
0.57559097,856571900.0,33121.324,9.333333,Thelper,2019-3-19,0.5,-0.44645762,IL2
0.46717846,396919300.0,26300.15,3.111,Thelper,2019-3-19,0.5,0.21994781,IL2
3.2278898,54955772.0,3594.207,1.037037,Thelper,2019-3-19,0.5,12.674312,IL2
4.305303,82761864.0,2964.5254,0.345679,Thelper,2019-3-19,0.5,22.7782,IL2
4.708078,35375040.0,1678.1567,0.115226,Thelper,2019-3-19,0.5,25.590673,IL2
4.606496,4863596.5,16.593018,0.038409,Thelper,2019-3-19,0.5,32.052193,IL2
15.8618965,27914028.0,103.41504,0.012803,Thelper,2019-3-19,0.5,262.62653,IL2
2.7376428,2562272.0,40.564453,0.004268,Thelper,2019-3-19,0.5,14.498192,IL2
1.0459334,2100144.2,0.0,0.001423,Thelper,2019-3-19,0.5,1.8817482,IL2
4.2013745,5729712.0,859.0305,0.000474,Thelper,2019-3-19,0.5,25.854023,IL2
33.732204,535185630.0,12695.105,84.0,Treg,2019-3-19,4.0,2146.0786,IL15
1.527649,182936260.0,10404.879,28.0,Treg,2019-3-19,4.0,3.0656018,IL15
1.5982181,285825340.0,12268.123,9.333333,Treg,2019-3-19,4.0,3.5662556,IL15
0.61685514,262711100.0,16859.195,3.111,Treg,2019-3-19,4.0,-0.20849204,IL15
0.39542854,197295630.0,14798.674,1.037037,Treg,2019-3-19,4.0,-0.91771483,IL15
1.4911283,84025150.0,5735.73,0.345679,Treg,2019-3-19,4.0,2.0601196,IL15
2.2541845,40834144.0,3904.7466,0.115226,Treg,2019-3-19,4.0,6.4091167,IL15
4.2318025,10669429.0,613.31836,0.038409,Treg,2019-3-19,4.0,24.46668,IL15
7.6850266,25212300.0,455.77246,0.012803,Treg,2019-3-19,4.0,67.18731,IL15
0.85716146,3351689.0,36.8916,0.004268,Treg,2019-3-19,4.0,1.0101013,IL15
0.51733077,2562540.5,68.16211,0.001423,Treg,2019-3-19,4.0,0.10445809,IL15
3.9939766,5515972.0,0.0,0.000474,Treg,2019-3-19,4.0,26.93411,IL15
1.6957386,255596780.0,11963.875,84.0,Thelper,2019-3-19,4.0,2.997726,IL15
2.2317834,117439120.0,8335.369,28.0,Thelper,2019-3-19,4.0,11.440775,IL15
1.6937712,241912340.0,10833.066,9.333333,Thelper,2019-3-19,4.0,3.1069517,IL15
1.1300176,291003200.0,13489.944,3.111,Thelper,2019-3-19,4.0,0.54213214,IL15
1.493563,176744100.0,9139.502,1.037037,Thelper,2019-3-19,4.0,1.4587274,IL15
2.9603882,60358300.0,4023.018,0.345679,Thelper,2019-3-19,4.0,10.8788,IL15
3.561059,9589459.0,1047.4502,0.115226,Thelper,2019-3-19,4.0,17.908062,IL15
3.4024148,2752432.8,0.0,0.038409,Thelper,2019-3-19,4.0,22.16937,IL15
0.773142,1600105.5,175.50415,0.012803,Thelper,2019-3-19,4.0,0.16149163,IL15
1.0599624,1941605.2,148.74512,0.004268,Thelper,2019-3-19,4.0,1.7640758,IL15
3.8368678,3036188.5,496.88232,0.001423,Thelper,2019-3-19,4.0,28.075531,IL15
0.5915766,2116971.2,608.1748,0.000474,Thelper,2019-3-19,4.0,0.3452716,IL15
0.5360848,298645020.0,22403.75,84.0,Treg,2019-3-19,2.0,0.55848956,IL15
21.561874,8446548000.0,24086.04,28.0,Treg,2019-3-19,2.0,493.05035,IL15
0.58946544,267825060.0,19993.922,9.333333,Treg,2019-3-19,2.0,1.0575337,IL15
1.0183393,276634880.0,20061.049,3.111,Treg,2019-3-19,2.0,2.9110188,IL15
0.74313194,213380910.0,13279.734,1.037037,Treg,2019-3-19,2.0,-0.35224652,IL15
2.819512,30397682.0,3211.217,0.345679,Treg,2019-3-19,2.0,9.666218,IL15
5.704867,8556551.0,1198.0261,0.115226,Treg,2019-3-19,2.0,52.13261,IL15
0.43279126,2550890.0,508.41577,0.038409,Treg,2019-3-19,2.0,-0.028300524,IL15
8.536223,24426962.0,809.5613,0.012803,Treg,2019-3-19,2.0,83.84364,IL15
0.58697784,1690994.0,84.5813,0.004268,Treg,2019-3-19,2.0,0.6960368,IL15
0.6063989,2134614.8,0.0,0.001423,Treg,2019-3-19,2.0,-0.4125197,IL15
7.4850335,10316294.0,672.1892,0.000474,Treg,2019-3-19,2.0,71.714264,IL15
1.8090143,246532780.0,10643.518,84.0,Thelper,2019-3-19,2.0,2.907681,IL15
1.7630837,304710900.0,12885.584,28.0,Thelper,2019-3-19,2.0,4.3298454,IL15
1.9041467,249237840.0,9812.051,9.333333,Thelper,2019-3-19,2.0,3.2420325,IL15
1.5270542,260430980.0,11202.061,3.111,Thelper,2019-3-19,2.0,1.9451752,IL15
2.654665,98935080.0,5407.174,1.037037,Thelper,2019-3-19,2.0,7.683552,IL15
2.4335022,6117266.0,1040.9736,0.345679,Thelper,2019-3-19,2.0,6.48015,IL15
1.1990739,1852061.5,566.7246,0.115226,Thelper,2019-3-19,2.0,2.1989527,IL15
0.8096819,1110973.6,0.0,0.038409,Thelper,2019-3-19,2.0,1.3362913,IL15
3.2820837,2089515.2,299.46533,0.012803,Thelper,2019-3-19,2.0,18.358786,IL15
0.5682608,1912192.4,521.76074,0.004268,Thelper,2019-3-19,2.0,0.28742552,IL15
6.3076367,14914245.0,834.3259,0.001423,Thelper,2019-3-19,2.0,40.95648,IL15
1.3484932,1309489.8,485.77173,0.000474,Thelper,2019-3-19,2.0,4.0134563,IL15
1.5252632,913392830.0,24171.148,84.0,Treg,2019-3-19,1.0,2.6729188,IL15
0.74018234,715052500.0,25201.105,28.0,Treg,2019-3-19,1.0,-0.35414028,IL15
0.84622306,857596160.0,27898.793,9.333333,Treg,2019-3-19,1.0,-0.033597946,IL15
1.1267037,622603970.0,19876.969,3.111,Treg,2019-3-19,1.0,0.87249327,IL15
1.3760402,360558560.0,14701.04,1.037037,Treg,2019-3-19,1.0,2.058126,IL15
10.885386,638713200.0,4961.8545,0.345679,Treg,2019-3-19,1.0,131.7026,IL15
4.743542,5668018.5,216.66064,0.115226,Treg,2019-3-19,1.0,36.69008,IL15
3.7051177,7424984.0,0.0,0.038409,Treg,2019-3-19,1.0,18.682962,IL15
2.185092,3149182.5,122.92969,0.012803,Treg,2019-3-19,1.0,14.610561,IL15
9.990239,9310654.0,310.21533,0.004268,Treg,2019-3-19,1.0,159.56561,IL15
8.606976,7563932.0,220.69043,0.001423,Treg,2019-3-19,1.0,131.08049,IL15
6.6101265,28564326.0,852.44775,0.000474,Treg,2019-3-19,1.0,57.370304,IL15
1.3332784,419692740.0,14511.282,84.0,Thelper,2019-3-19,1.0,0.9708607,IL15
1.4048642,433032860.0,15066.575,28.0,Thelper,2019-3-19,1.0,1.5844927,IL15
1.2682856,505185000.0,17074.938,9.333333,Thelper,2019-3-19,1.0,0.96423626,IL15
1.733267,388797900.0,13643.905,3.111,Thelper,2019-3-19,1.0,3.9026165,IL15
1.5082908,203326200.0,10081.058,1.037037,Thelper,2019-3-19,1.0,1.7072358,IL15
5.0704317,15886109.0,1593.8875,0.345679,Thelper,2019-3-19,1.0,36.022823,IL15
1.4384576,2142221.2,143.46948,0.115226,Thelper,2019-3-19,1.0,2.9064636,IL15
2.6215787,2195629.2,0.0,0.038409,Thelper,2019-3-19,1.0,13.725788,IL15
3.4069273,2181331.8,157.6748,0.012803,Thelper,2019-3-19,1.0,33.860085,IL15
7.6347404,4618680.0,682.3186,0.004268,Thelper,2019-3-19,1.0,100.04892,IL15
3.919634,2402479.5,383.14014,0.001423,Thelper,2019-3-19,1.0,55.240852,IL15
8.58766,3290852.2,549.1848,0.000474,Thelper,2019-3-19,1.0,205.54947,IL15
0.60768014,610716540.0,25903.64,84.0,Treg,2019-3-19,0.5,-0.5204396,IL15
0.35035667,451207800.0,25948.04,28.0,Treg,2019-3-19,0.5,-0.66762495,IL15
0.7806086,552026750.0,23713.031,9.333333,Treg,2019-3-19,0.5,-0.09279156,IL15
0.8509037,734642050.0,27588.547,3.111,Treg,2019-3-19,0.5,0.45045614,IL15
-0.21345581,215486530.0,23405.66,1.037037,Treg,2019-3-19,0.5,-0.6821823,IL15
0.75991786,10377656.0,3551.1523,0.345679,Treg,2019-3-19,0.5,-0.07276535,IL15
1.0074981,3716646.2,1015.38135,0.115226,Treg,2019-3-19,0.5,2.1957932,IL15
1.7698877,3222078.2,390.89795,0.038409,Treg,2019-3-19,0.5,7.722413,IL15
0.9073902,2542836.0,321.54785,0.012803,Treg,2019-3-19,0.5,1.484611,IL15
11.99309,5584106.5,555.8594,0.004268,Treg,2019-3-19,0.5,322.002,IL15
2.3701694,4283035.0,442.6162,0.001423,Treg,2019-3-19,0.5,10.242394,IL15
9.525636,7537101.5,0.0,0.000474,Treg,2019-3-19,0.5,128.54385,IL15
5.3225064,1751264800.0,28253.443,84.0,Thelper,2019-3-19,0.5,48.96187,IL15
1.7152828,742714800.0,27357.535,28.0,Thelper,2019-3-19,0.5,5.598239,IL15
1.3950326,588551940.0,19042.723,9.333333,Thelper,2019-3-19,0.5,1.4186125,IL15
1.133191,802953400.0,27589.582,3.111,Thelper,2019-3-19,0.5,1.8867517,IL15
1.0812762,316789600.0,15671.57,1.037037,Thelper,2019-3-19,0.5,0.45462227,IL15
1.3711374,11788047.0,2839.2234,0.345679,Thelper,2019-3-19,0.5,2.221458,IL15
1.6884832,4467053.0,1271.0701,0.115226,Thelper,2019-3-19,0.5,4.4642925,IL15
0.83251095,3756531.8,990.7388,0.038409,Thelper,2019-3-19,0.5,0.43821168,IL15
1.3026223,3007122.5,1019.13257,0.012803,Thelper,2019-3-19,0.5,1.8305922,IL15
1.7117982,2194001.2,686.17334,0.004268,Thelper,2019-3-19,0.5,9.688833,IL15
2.5020947,6034861.5,1126.457,0.001423,Thelper,2019-3-19,0.5,9.293201,IL15
2.405289,2162350.2,0.0,0.000474,Thelper,2019-3-19,0.5,11.254195,IL15
0.67513144,153044720.0,10635.02,84.0,Treg,2019-3-27,4.0,0.0020382404,IL2
0.5342683,134587870.0,10537.592,28.0,Treg,2019-3-27,4.0,-0.37917852,IL2
0.8537102,244949300.0,13858.98,9.333333,Treg,2019-3-27,4.0,0.27323127,IL2
0.7030685,216093260.0,13086.123,3.111,Treg,2019-3-27,4.0,0.01120472,IL2
0.7117123,226626450.0,12842.674,1.037037,Treg,2019-3-27,4.0,-0.21923876,IL2
1.1507525,417749950.0,14130.326,0.345679,Treg,2019-3-27,4.0,0.7425451,IL2
1.311219,545679400.0,15066.9375,0.115226,Treg,2019-3-27,4.0,0.95456934,IL2
1.5540406,436343600.0,11691.969,0.038409,Treg,2019-3-27,4.0,1.6267047,IL2
2.4550512,290525280.0,6899.933,0.012803,Treg,2019-3-27,4.0,6.783576,IL2
2.9068255,119391040.0,2492.3687,0.004268,Treg,2019-3-27,4.0,8.839211,IL2
3.537332,97300890.0,1575.0122,0.001423,Treg,2019-3-27,4.0,13.608618,IL2
4.477928,41425644.0,0.0,0.000474,Treg,2019-3-27,4.0,24.9495,IL2
1.3792889,112112376.0,7220.1963,84.0,Thelper,2019-3-27,4.0,2.2181044,IL2
1.4381249,99084360.0,6297.1387,28.0,Thelper,2019-3-27,4.0,2.0662212,IL2
1.8126205,167323570.0,8735.453,9.333333,Thelper,2019-3-27,4.0,6.046151,IL2
1.5825047,141876060.0,7922.711,3.111,Thelper,2019-3-27,4.0,2.6018934,IL2
1.8776642,132927870.0,7081.2197,1.037037,Thelper,2019-3-27,4.0,3.9585152,IL2
2.2422094,220605040.0,8622.524,0.345679,Thelper,2019-3-27,4.0,5.38659,IL2
4.7150517,309915170.0,8336.281,0.115226,Thelper,2019-3-27,4.0,89.45748,IL2
3.2269943,175518930.0,5377.4375,0.038409,Thelper,2019-3-27,4.0,11.955563,IL2
5.833843,64595620.0,2341.2637,0.012803,Thelper,2019-3-27,4.0,64.68928,IL2
7.996351,13620643.0,399.42773,0.004268,Thelper,2019-3-27,4.0,124.20368,IL2
6.6328225,5474985.0,157.04541,0.001423,Thelper,2019-3-27,4.0,109.79767,IL2
3.4994109,3609739.5,0.0,0.000474,Thelper,2019-3-27,4.0,42.73673,IL2
1.2718093,784279600.0,18604.717,84.0,Treg,2019-3-27,2.0,0.74998355,IL2
1.3384092,776669100.0,17958.78,28.0,Treg,2019-3-27,2.0,0.9521568,IL2
1.363054,709255800.0,16668.89,9.333333,Treg,2019-3-27,2.0,0.9315469,IL2
1.5011894,707667100.0,16062.654,3.111,Treg,2019-3-27,2.0,1.4491057,IL2
1.4216261,644971600.0,15076.381,1.037037,Treg,2019-3-27,2.0,1.1273403,IL2
10.056555,728885700.0,10799.572,0.345679,Treg,2019-3-27,2.0,233.94786,IL2
1.4477144,542274500.0,12925.078,0.115226,Treg,2019-3-27,2.0,1.0990524,IL2
1.9594228,386440400.0,8268.471,0.038409,Treg,2019-3-27,2.0,2.9710603,IL2
2.5966258,213936670.0,4220.318,0.012803,Treg,2019-3-27,2.0,6.677953,IL2
3.0849075,121674424.0,1831.7456,0.004268,Treg,2019-3-27,2.0,9.931133,IL2
3.7196517,114913470.0,1283.4917,0.001423,Treg,2019-3-27,2.0,17.021193,IL2
4.211687,55734356.0,0.0,0.000474,Treg,2019-3-27,2.0,22.573835,IL2
1.4418145,593211700.0,18523.791,84.0,Thelper,2019-3-27,2.0,1.8078828,IL2
1.4735856,527019300.0,17408.574,28.0,Thelper,2019-3-27,2.0,1.8814259,IL2
1.6105946,483808600.0,16401.252,9.333333,Thelper,2019-3-27,2.0,2.580502,IL2
1.8319573,381134430.0,13936.041,3.111,Thelper,2019-3-27,2.0,3.6495538,IL2
2.5004416,271063500.0,9325.486,1.037037,Thelper,2019-3-27,2.0,7.0806866,IL2
2.8872063,190186240.0,7054.482,0.345679,Thelper,2019-3-27,2.0,9.369669,IL2
7.895749,131184664.0,4342.4536,0.115226,Thelper,2019-3-27,2.0,244.56459,IL2
5.1510873,39615532.0,1802.4199,0.038409,Thelper,2019-3-27,2.0,35.08634,IL2
6.7214594,8383474.0,470.32715,0.012803,Thelper,2019-3-27,2.0,88.117966,IL2
5.5098386,3914504.0,45.59131,0.004268,Thelper,2019-3-27,2.0,95.856155,IL2
6.708217,4527830.5,0.0,0.001423,Thelper,2019-3-27,2.0,109.140526,IL2
58.02269,7674506.5,0.088378906,0.000474,Thelper,2019-3-27,2.0,5929.1265,IL2
1.0081044,993336770.0,22891.562,84.0,Treg,2019-3-27,1.0,-0.117959976,IL2
4.155686,1030754370.0,22747.781,28.0,Treg,2019-3-27,1.0,72.472435,IL2
1.069134,863281700.0,21412.844,9.333333,Treg,2019-3-27,1.0,0.22859359,IL2
1.1482717,922968000.0,21082.71,3.111,Treg,2019-3-27,1.0,0.24055052,IL2
1.3099341,697260700.0,16816.93,1.037037,Treg,2019-3-27,1.0,0.7192111,IL2
1.4891793,618176800.0,14220.179,0.345679,Treg,2019-3-27,1.0,1.2455368,IL2
35.408207,2234580700.0,12464.175,0.115226,Treg,2019-3-27,1.0,1622.205,IL2
49.92129,62189140000.0,15513.946,0.038409,Treg,2019-3-27,1.0,2508.89,IL2
2.2966225,191077300.0,4732.3887,0.012803,Treg,2019-3-27,1.0,5.0373964,IL2
2.6845155,107750800.0,2400.207,0.004268,Treg,2019-3-27,1.0,7.8202915,IL2
47.05957,4467126300.0,2225.5195,0.001423,Treg,2019-3-27,1.0,2249.4587,IL2
4.667582,53267228.0,0.0,0.000474,Treg,2019-3-27,1.0,28.447832,IL2
1.2517867,581359360.0,19549.047,84.0,Thelper,2019-3-27,1.0,1.0563073,IL2
1.1538398,575410050.0,20521.803,28.0,Thelper,2019-3-27,1.0,0.77165055,IL2
1.2397047,487171900.0,18330.932,9.333333,Thelper,2019-3-27,1.0,1.1374712,IL2
1.4176657,483426600.0,17751.338,3.111,Thelper,2019-3-27,1.0,1.7581453,IL2
2.0019124,435365500.0,12556.787,1.037037,Thelper,2019-3-27,1.0,3.5709686,IL2
2.855747,180947420.0,6623.7646,0.345679,Thelper,2019-3-27,1.0,9.133728,IL2
5.179554,68063144.0,3174.2192,0.115226,Thelper,2019-3-27,1.0,65.53028,IL2
73.52405,70485080.0,1492.1738,0.038409,Thelper,2019-3-27,1.0,8096.3604,IL2
116.26359,77326024.0,434.18652,0.012803,Thelper,2019-3-27,1.0,14441.682,IL2
10.393022,4934117.5,89.15527,0.004268,Thelper,2019-3-27,1.0,281.36307,IL2
3.339594,2884413.8,0.0,0.001423,Thelper,2019-3-27,1.0,40.516975,IL2
46.367958,6688216.5,84.25049,0.000474,Thelper,2019-3-27,1.0,4097.3936,IL2
0.7995181,1077715100.0,27318.016,84.0,Treg,2019-3-27,0.5,-0.2624836,IL2
0.784602,1124243300.0,28635.312,28.0,Treg,2019-3-27,0.5,-0.2374568,IL2
0.71031463,983748740.0,26852.355,9.333333,Treg,2019-3-27,0.5,-0.5264728,IL2
11.537094,1548745900.0,25324.016,3.111,Treg,2019-3-27,0.5,329.85986,IL2
0.98746634,1026882000.0,22082.104,1.037037,Treg,2019-3-27,0.5,-0.27305365,IL2
1.6840932,484258720.0,10369.738,0.345679,Treg,2019-3-27,0.5,1.8117318,IL2
1.6796727,475032160.0,10080.334,0.115226,Treg,2019-3-27,0.5,1.9483886,IL2
2.0492468,233588780.0,5083.2925,0.038409,Treg,2019-3-27,0.5,3.4276052,IL2
2.8234844,138675550.0,2374.101,0.012803,Treg,2019-3-27,0.5,8.380114,IL2
3.5670326,130049910.0,1697.69,0.004268,Treg,2019-3-27,0.5,16.400408,IL2
3.7679727,90357520.0,491.7456,0.001423,Treg,2019-3-27,0.5,16.459637,IL2
3.7711031,70815224.0,0.0,0.000474,Treg,2019-3-27,0.5,16.349232,IL2
0.7885424,831162240.0,29643.547,84.0,Thelper,2019-3-27,0.5,0.12924242,IL2
0.71760607,830328260.0,30141.363,28.0,Thelper,2019-3-27,0.5,-0.1525631,IL2
0.8097626,696051800.0,25960.865,9.333333,Thelper,2019-3-27,0.5,-0.045454264,IL2
5.7460427,715966660.0,22712.379,3.111,Thelper,2019-3-27,0.5,211.7967,IL2
2.129743,469878300.0,12027.17,1.037037,Thelper,2019-3-27,0.5,4.25446,IL2
4.706256,56833736.0,2761.4448,0.345679,Thelper,2019-3-27,0.5,30.216545,IL2
141.79416,8487947000.0,1781.1304,0.115226,Thelper,2019-3-27,0.5,20155.773,IL2
13.19115,6863717.0,238.28223,0.038409,Thelper,2019-3-27,0.5,487.62234,IL2
8.226618,6020455.0,93.20801,0.012803,Thelper,2019-3-27,0.5,127.915436,IL2
12.153604,9548383.0,373.14404,0.004268,Thelper,2019-3-27,0.5,302.8609,IL2
92.1422,18870312.0,0.0,0.001423,Thelper,2019-3-27,0.5,10741.357,IL2
9.56534,4037100.0,14.479004,0.000474,Thelper,2019-3-27,0.5,245.78401,IL2
1.063127,548290400.0,18319.414,84.0,Treg,2019-3-27,4.0,0.5913696,IL15
1.0026498,576789800.0,19347.791,28.0,Treg,2019-3-27,4.0,0.27456856,IL15
0.9807529,528834000.0,18432.387,9.333333,Treg,2019-3-27,4.0,0.16947746,IL15
1.0202287,573119400.0,18796.129,3.111,Treg,2019-3-27,4.0,0.26157403,IL15
1.0900754,503291330.0,17231.29,1.037037,Treg,2019-3-27,4.0,0.5175593,IL15
1.1845152,453770240.0,15664.6,0.345679,Treg,2019-3-27,4.0,0.8654084,IL15
48.99973,19102044000.0,9755.297,0.115226,Treg,2019-3-27,4.0,2420.691,IL15
3.324768,95202090.0,2473.254,0.038409,Treg,2019-3-27,4.0,13.468361,IL15
4.048723,67416750.0,1106.0029,0.012803,Treg,2019-3-27,4.0,20.016405,IL15
4.2775373,43833496.0,0.0,0.004268,Treg,2019-3-27,4.0,22.557781,IL15
5.3847437,52397744.0,51.51758,0.001423,Treg,2019-3-27,4.0,36.50428,IL15
4.6471667,63681304.0,311.5327,0.000474,Treg,2019-3-27,4.0,26.751934,IL15
1.3759136,451162370.0,15930.99,84.0,Thelper,2019-3-27,4.0,1.5256848,IL15
1.2642968,499495140.0,17951.836,28.0,Thelper,2019-3-27,4.0,1.221201,IL15
1.2534672,456147500.0,16960.246,9.333333,Thelper,2019-3-27,4.0,1.0437427,IL15
1.1771903,493948830.0,17989.398,3.111,Thelper,2019-3-27,4.0,0.6912749,IL15
5.1687202,472727550.0,16411.27,1.037037,Thelper,2019-3-27,4.0,157.36394,IL15
1.5345311,320080130.0,13428.428,0.345679,Thelper,2019-3-27,4.0,2.1533694,IL15
2.5086424,90069370.0,5870.6606,0.115226,Thelper,2019-3-27,4.0,9.898187,IL15
19.118788,26748358.0,1560.1426,0.038409,Thelper,2019-3-27,4.0,997.2496,IL15
10.038676,8310660.5,616.0405,0.012803,Thelper,2019-3-27,4.0,252.41101,IL15
4.9895477,3406457.2,114.84961,0.004268,Thelper,2019-3-27,4.0,88.355995,IL15
8.274936,3800397.0,211.10547,0.001423,Thelper,2019-3-27,4.0,213.58708,IL15
71.49934,22933898.0,0.0,0.000474,Thelper,2019-3-27,4.0,6173.982,IL15
0.4592676,203895360.0,13833.994,84.0,Treg,2019-3-27,2.0,-0.5153575,IL15
0.37395477,259356600.0,16003.348,28.0,Treg,2019-3-27,2.0,-0.84105563,IL15
0.50756407,334680640.0,17211.988,9.333333,Treg,2019-3-27,2.0,-0.74753094,IL15
0.83785456,492450460.0,17228.428,3.111,Treg,2019-3-27,2.0,-0.37139177,IL15
1.0291978,375146200.0,13807.844,1.037037,Treg,2019-3-27,2.0,0.16163397,IL15
2.0546627,126206580.0,4604.243,0.345679,Treg,2019-3-27,2.0,4.3229733,IL15
2.7917495,109805864.0,3102.7559,0.115226,Treg,2019-3-27,2.0,9.178433,IL15
3.5416725,56330496.0,514.05225,0.038409,Treg,2019-3-27,2.0,14.601614,IL15
4.9581146,51408030.0,0.0,0.012803,Treg,2019-3-27,2.0,33.86733,IL15
4.4100456,74599600.0,910.39453,0.004268,Treg,2019-3-27,2.0,23.522987,IL15
43.758907,1335525000.0,1265.5967,0.001423,Treg,2019-3-27,2.0,2004.6538,IL15
37.56398,441497120.0,653.8926,0.000474,Treg,2019-3-27,2.0,1612.7029,IL15
1.5261285,106896960.0,6478.651,84.0,Thelper,2019-3-27,2.0,2.1718035,IL15
1.518184,148059020.0,8018.569,28.0,Thelper,2019-3-27,2.0,2.178783,IL15
1.3753363,190114430.0,10115.693,9.333333,Thelper,2019-3-27,2.0,1.56948,IL15
1.5174005,265490620.0,11807.68,3.111,Thelper,2019-3-27,2.0,2.2097998,IL15
1.8356955,121278776.0,7209.7593,1.037037,Thelper,2019-3-27,2.0,3.9185896,IL15
3.4677012,25637978.0,2308.5908,0.345679,Thelper,2019-3-27,2.0,19.95251,IL15
7.393442,10589131.0,927.5625,0.115226,Thelper,2019-3-27,2.0,110.29135,IL15
7.332525,3609273.0,39.583008,0.038409,Thelper,2019-3-27,2.0,171.71819,IL15
3.8157039,3115601.5,154.89307,0.012803,Thelper,2019-3-27,2.0,51.776566,IL15
6.226057,4291304.5,471.43018,0.004268,Thelper,2019-3-27,2.0,104.52855,IL15
9.966619,3612765.0,0.0,0.001423,Thelper,2019-3-27,2.0,328.74573,IL15
8.929402,4085608.5,125.63721,0.000474,Thelper,2019-3-27,2.0,208.58737,IL15
0.96756124,652270660.0,19558.549,84.0,Treg,2019-3-27,1.0,-0.17240381,IL15
0.9937558,748600800.0,20555.87,28.0,Treg,2019-3-27,1.0,-0.1509552,IL15
1.0637401,715851400.0,19904.496,9.333333,Treg,2019-3-27,1.0,0.19205308,IL15
1.3473557,689773200.0,19785.127,3.111,Treg,2019-3-27,1.0,3.9080453,IL15
1.3309262,354310560.0,12741.979,1.037037,Treg,2019-3-27,1.0,0.9767165,IL15
3.6440084,60024344.0,2176.412,0.345679,Treg,2019-3-27,1.0,16.197733,IL15
3.9767735,47802584.0,1326.29,0.115226,Treg,2019-3-27,1.0,21.245897,IL15
3.5768087,67191704.0,1582.4238,0.038409,Treg,2019-3-27,1.0,14.745907,IL15
5.3219347,49376264.0,928.29346,0.012803,Treg,2019-3-27,1.0,41.828358,IL15
4.9361963,25598522.0,0.0,0.004268,Treg,2019-3-27,1.0,32.673218,IL15
3.7078815,65238420.0,1380.773,0.001423,Treg,2019-3-27,1.0,16.430351,IL15
4.1464586,41908524.0,551.0117,0.000474,Treg,2019-3-27,1.0,21.781845,IL15
1.2653058,367321630.0,15362.619,84.0,Thelper,2019-3-27,1.0,1.2887316,IL15
1.2486974,435565600.0,16853.041,28.0,Thelper,2019-3-27,1.0,1.1129661,IL15
1.2137482,427743330.0,16853.98,9.333333,Thelper,2019-3-27,1.0,0.93355083,IL15
1.3023535,403915260.0,16662.963,3.111,Thelper,2019-3-27,1.0,2.7477484,IL15
21.24473,195019520.0,9095.094,1.037037,Thelper,2019-3-27,1.0,1422.7812,IL15
10.395461,9270190.0,1310.854,0.345679,Thelper,2019-3-27,1.0,275.55612,IL15
9.980202,5361201.5,402.5708,0.115226,Thelper,2019-3-27,1.0,342.0992,IL15
7.890151,5648818.0,257.53418,0.038409,Thelper,2019-3-27,1.0,123.412605,IL15
14.614843,4982888.0,385.27344,0.012803,Thelper,2019-3-27,1.0,518.4853,IL15
132.36339,918498940.0,321.3589,0.004268,Thelper,2019-3-27,1.0,17633.438,IL15
4.434759,3414726.5,0.0,0.001423,Thelper,2019-3-27,1.0,66.991905,IL15
16.75791,4078677.2,26.93164,0.000474,Thelper,2019-3-27,1.0,945.67236,IL15
0.77227944,737426240.0,23304.418,84.0,Treg,2019-3-27,0.5,-0.41735816,IL15
0.7926744,800413630.0,24483.898,28.0,Treg,2019-3-27,0.5,-0.28460336,IL15
0.9223323,786091800.0,23246.0,9.333333,Treg,2019-3-27,0.5,0.036534786,IL15
0.84607184,741558340.0,22804.695,3.111,Treg,2019-3-27,0.5,-0.3376367,IL15
1.3209324,384548400.0,14399.041,1.037037,Treg,2019-3-27,0.5,1.224114,IL15
43.540543,263647940.0,593.7959,0.345679,Treg,2019-3-27,0.5,1985.2993,IL15
4.3258953,59256964.0,1377.5806,0.115226,Treg,2019-3-27,0.5,22.58366,IL15
6.5703993,40449144.0,7.289551,0.038409,Treg,2019-3-27,0.5,56.956947,IL15
6.189758,21864970.0,0.0,0.012803,Treg,2019-3-27,0.5,50.342693,IL15
4.7876377,52371160.0,847.46484,0.004268,Treg,2019-3-27,0.5,29.185669,IL15
3.5510411,92466200.0,1977.7905,0.001423,Treg,2019-3-27,0.5,15.421654,IL15
4.4076457,33337108.0,147.52295,0.000474,Treg,2019-3-27,0.5,24.142048,IL15
0.81429565,560420860.0,22544.75,84.0,Thelper,2019-3-27,0.5,-0.0011460781,IL15
0.7384935,675874100.0,26709.465,28.0,Thelper,2019-3-27,0.5,-0.05982709,IL15
0.7606422,640109060.0,25442.12,9.333333,Thelper,2019-3-27,0.5,-0.10374379,IL15
0.68817866,590872200.0,25168.479,3.111,Thelper,2019-3-27,0.5,-0.3207507,IL15
1.2345612,286918270.0,15543.719,1.037037,Thelper,2019-3-27,0.5,1.9554324,IL15
58.475765,123686150.0,1256.7324,0.345679,Thelper,2019-3-27,0.5,3607.6646,IL15
56.946068,13553049.0,586.2329,0.115226,Thelper,2019-3-27,0.5,4785.04,IL15
5.8939047,3493083.0,83.82959,0.038409,Thelper,2019-3-27,0.5,114.75379,IL15
3.3784113,3012202.8,537.751,0.012803,Thelper,2019-3-27,0.5,77.81532,IL15
4.643776,3769919.2,314.38672,0.004268,Thelper,2019-3-27,0.5,76.54918,IL15
10.356848,6298923.0,0.0,0.001423,Thelper,2019-3-27,0.5,219.97595,IL15
7.987017,4259267.5,12.837402,0.000474,Thelper,2019-3-27,0.5,191.08154,IL15
0.7909685,556760450.0,23986.898,84.0,Treg,2019-4-18,4.0,0.15840244,IL2
0.80628335,504567970.0,21786.307,28.0,Treg,2019-4-18,4.0,-0.052610636,IL2
1.0742471,700247230.0,22823.678,9.333333,Treg,2019-4-18,4.0,0.37240887,IL2
0.6959542,494108300.0,21776.68,3.111,Treg,2019-4-18,4.0,-0.5042565,IL2
1.1145835,411830880.0,16308.727,1.037037,Treg,2019-4-18,4.0,0.48127985,IL2
1.2290318,342333380.0,14112.453,0.345679,Treg,2019-4-18,4.0,0.9524903,IL2
1.5960941,223650400.0,9703.859,0.115226,Treg,2019-4-18,4.0,1.9938083,IL2
2.3896644,103463896.0,4601.5884,0.038409,Treg,2019-4-18,4.0,6.010042,IL2
3.2369373,82290740.0,3002.8672,0.012803,Treg,2019-4-18,4.0,11.859145,IL2
4.184426,29191996.0,842.31934,0.004268,Treg,2019-4-18,4.0,22.017366,IL2
4.7492056,56291092.0,1630.2417,0.001423,Treg,2019-4-18,4.0,30.084522,IL2
5.979076,14444830.0,0.0,0.000474,Treg,2019-4-18,4.0,50.132275,IL2
0.8797693,499631550.0,21728.812,84.0,Thelper,2019-4-18,4.0,0.020642042,IL2
0.94860786,477297540.0,20660.977,28.0,Thelper,2019-4-18,4.0,0.13286471,IL2
1.008092,657315140.0,24372.508,9.333333,Thelper,2019-4-18,4.0,0.3081391,IL2
1.4722381,415523400.0,17712.285,3.111,Thelper,2019-4-18,4.0,5.1459208,IL2
95.614975,4947671600.0,10591.271,1.037037,Thelper,2019-4-18,4.0,9671.272,IL2
2.6421316,168410850.0,6381.702,0.345679,Thelper,2019-4-18,4.0,7.347316,IL2
3.7393644,66927250.0,3026.8901,0.115226,Thelper,2019-4-18,4.0,16.265339,IL2
41.503696,23170382.0,732.16187,0.038409,Thelper,2019-4-18,4.0,3042.8418,IL2
6.3555703,3222729.8,113.029785,0.012803,Thelper,2019-4-18,4.0,83.592964,IL2
2.4988205,1811996.4,0.0,0.004268,Thelper,2019-4-18,4.0,25.168486,IL2
11.2704525,6300642.5,183.68286,0.001423,Thelper,2019-4-18,4.0,205.51611,IL2
2.3222275,2035669.2,84.01416,0.000474,Thelper,2019-4-18,4.0,22.51118,IL2
0.8058601,627551040.0,23921.0,84.0,Treg,2019-4-18,2.0,-0.058808327,IL2
0.7033891,492642300.0,21948.246,28.0,Treg,2019-4-18,2.0,-0.47739553,IL2
0.7887314,689058800.0,23003.785,9.333333,Treg,2019-4-18,2.0,-0.55346155,IL2
0.71375644,444916030.0,20364.207,3.111,Treg,2019-4-18,2.0,-0.48841023,IL2
0.782931,434675550.0,18575.316,1.037037,Treg,2019-4-18,2.0,-0.5046458,IL2
1.3567383,304111840.0,12626.018,0.345679,Treg,2019-4-18,2.0,1.0155749,IL2
1.9576432,192238050.0,8259.743,0.115226,Treg,2019-4-18,2.0,4.1840377,IL2
3.0694013,45881588.0,2685.9097,0.038409,Treg,2019-4-18,2.0,11.021478,IL2
4.8290935,25366750.0,1090.9824,0.012803,Treg,2019-4-18,2.0,27.838276,IL2
6.6735854,6580995.5,59.411377,0.004268,Treg,2019-4-18,2.0,83.054436,IL2
3.6035392,30354434.0,1679.3945,0.001423,Treg,2019-4-18,2.0,15.185659,IL2
4.3269696,4721105.0,0.0,0.000474,Treg,2019-4-18,2.0,38.59713,IL2
1.1094321,413684320.0,18515.562,84.0,Thelper,2019-4-18,2.0,0.8949239,IL2
1.3977636,360327500.0,16357.541,28.0,Thelper,2019-4-18,2.0,4.2253532,IL2
1.8926499,532389820.0,19890.162,9.333333,Thelper,2019-4-18,2.0,13.543932,IL2
1.6064619,284078620.0,12888.769,3.111,Thelper,2019-4-18,2.0,2.3175,IL2
2.8637862,92860360.0,4571.0127,1.037037,Thelper,2019-4-18,2.0,9.383416,IL2
5.6815925,10568420.0,910.3684,0.345679,Thelper,2019-4-18,2.0,46.032135,IL2
13.330572,6825363.0,267.74512,0.115226,Thelper,2019-4-18,2.0,326.18524,IL2
8.133198,2114243.2,31.030273,0.038409,Thelper,2019-4-18,2.0,282.92554,IL2
21.488846,2981210.2,5.5341797,0.012803,Thelper,2019-4-18,2.0,1115.351,IL2
8.308923,2069881.2,0.0,0.004268,Thelper,2019-4-18,2.0,260.59164,IL2
6.312907,2135801.2,58.199707,0.001423,Thelper,2019-4-18,2.0,121.04451,IL2
12.816544,2205426.8,122.10693,0.000474,Thelper,2019-4-18,2.0,591.74603,IL2
0.8059107,510558980.0,20909.244,84.0,Treg,2019-4-18,1.0,-0.34669423,IL2
0.58566046,593853000.0,24295.662,28.0,Treg,2019-4-18,1.0,-0.8672261,IL2
0.95963496,673555600.0,21577.162,9.333333,Treg,2019-4-18,1.0,-0.1501174,IL2
0.73038435,525099650.0,21696.115,3.111,Treg,2019-4-18,1.0,-0.52875423,IL2
0.7764633,441347460.0,18542.734,1.037037,Treg,2019-4-18,1.0,-0.63236403,IL2
1.1665385,288078980.0,12478.646,0.345679,Treg,2019-4-18,1.0,0.08321667,IL2
1.7302849,121120650.0,6620.974,0.115226,Treg,2019-4-18,1.0,2.253684,IL2
3.1965797,43074812.0,2600.8584,0.038409,Treg,2019-4-18,1.0,12.516844,IL2
8.362792,28223670.0,1273.9116,0.012803,Treg,2019-4-18,1.0,110.00803,IL2
5.514809,23769914.0,1126.5972,0.004268,Treg,2019-4-18,1.0,38.44481,IL2
1.297755,3023789.2,0.0,0.001423,Treg,2019-4-18,1.0,3.3445835,IL2
6.0247197,18470200.0,559.3113,0.000474,Treg,2019-4-18,1.0,45.960297,IL2
1.0316073,305761800.0,15816.339,84.0,Thelper,2019-4-18,1.0,0.38816214,IL2
1.0533674,345154020.0,16781.188,28.0,Thelper,2019-4-18,1.0,0.462641,IL2
1.0417361,407754100.0,18792.123,9.333333,Thelper,2019-4-18,1.0,0.47487068,IL2
1.3727156,258163800.0,13332.57,3.111,Thelper,2019-4-18,1.0,1.6191831,IL2
2.523977,114874140.0,5505.38,1.037037,Thelper,2019-4-18,1.0,6.9037,IL2
6.218308,13624903.0,1172.9133,0.345679,Thelper,2019-4-18,1.0,60.08432,IL2
14.338677,4908219.0,262.67822,0.115226,Thelper,2019-4-18,1.0,433.58432,IL2
4.259338,2154208.8,78.677246,0.038409,Thelper,2019-4-18,1.0,50.5984,IL2
16.866016,2790669.2,2.991455,0.012803,Thelper,2019-4-18,1.0,730.11993,IL2
98.0344,164745420.0,191.49487,0.004268,Thelper,2019-4-18,1.0,9730.166,IL2
1.9103774,1517754.6,0.0,0.001423,Thelper,2019-4-18,1.0,14.471724,IL2
2.9481146,1740799.5,57.741943,0.000474,Thelper,2019-4-18,1.0,36.199413,IL2
0.59991443,681943400.0,24719.201,84.0,Treg,2019-4-18,0.5,-0.98301244,IL2
0.4686491,719984900.0,27863.047,28.0,Treg,2019-4-18,0.5,-0.8059685,IL2
0.82927656,445149900.0,19356.07,9.333333,Treg,2019-4-18,0.5,-0.4339919,IL2
0.42710045,659896770.0,25763.42,3.111,Treg,2019-4-18,0.5,-1.2080221,IL2
1.0483693,366736830.0,14701.574,1.037037,Treg,2019-4-18,0.5,-0.17810106,IL2
2.8196683,68919970.0,3451.3691,0.345679,Treg,2019-4-18,0.5,8.14245,IL2
3.1826587,41073784.0,2311.4727,0.115226,Treg,2019-4-18,0.5,11.484698,IL2
5.194774,47009344.0,1715.1587,0.038409,Treg,2019-4-18,0.5,33.747196,IL2
5.6208124,25890196.0,856.5752,0.012803,Treg,2019-4-18,0.5,38.292496,IL2
7.6644645,11144495.0,86.31592,0.004268,Treg,2019-4-18,0.5,96.339096,IL2
4.6638803,9726503.0,0.0,0.001423,Treg,2019-4-18,0.5,32.032635,IL2
7.9439487,72910390.0,1440.6377,0.000474,Treg,2019-4-18,0.5,88.016174,IL2
0.8603022,489204860.0,24798.62,84.0,Thelper,2019-4-18,0.5,2.7953691,IL2
0.4974418,548621440.0,27222.543,28.0,Thelper,2019-4-18,0.5,-0.6084893,IL2
1.2260947,357953400.0,16426.305,9.333333,Thelper,2019-4-18,0.5,1.1602583,IL2
0.8859298,459185570.0,21044.691,3.111,Thelper,2019-4-18,0.5,-0.089770555,IL2
4.402481,29347360.0,2112.2163,1.037037,Thelper,2019-4-18,0.5,25.870127,IL2
14.215667,5484784.0,427.67285,0.345679,Thelper,2019-4-18,0.5,334.2121,IL2
5.0317464,2015816.0,168.47021,0.115226,Thelper,2019-4-18,0.5,86.50941,IL2
11.6012945,4031627.5,210.79468,0.038409,Thelper,2019-4-18,0.5,244.35492,IL2
13.014723,4920568.5,210.74976,0.012803,Thelper,2019-4-18,0.5,275.70483,IL2
3.6599312,1891236.4,95.75464,0.004268,Thelper,2019-4-18,0.5,49.42735,IL2
2.8328624,1603068.1,0.0,0.001423,Thelper,2019-4-18,0.5,43.793964,IL2
3.4196608,1949662.6,187.89014,0.000474,Thelper,2019-4-18,0.5,44.51116,IL2
0.8405603,536948700.0,23887.479,84.0,Treg,2019-4-18,4.0,0.32406688,IL15
0.8818333,487541100.0,21572.96,28.0,Treg,2019-4-18,4.0,0.16331887,IL15
0.6678523,452262820.0,21417.547,9.333333,Treg,2019-4-18,4.0,-0.6420982,IL15
0.7531807,438636300.0,21734.834,3.111,Treg,2019-4-18,4.0,-0.19257426,IL15
1.3611848,176184160.0,11565.229,1.037037,Treg,2019-4-18,4.0,1.86345,IL15
2.017517,125347060.0,7545.9404,0.345679,Treg,2019-4-18,4.0,4.7433777,IL15
4.3459344,52200876.0,2312.3313,0.115226,Treg,2019-4-18,4.0,23.514538,IL15
6.2297487,14384363.0,522.6848,0.038409,Treg,2019-4-18,4.0,54.21774,IL15
10.023441,10522120.0,0.0,0.012803,Treg,2019-4-18,4.0,144.56543,IL15
7.2310286,21933334.0,364.73315,0.004268,Treg,2019-4-18,4.0,71.6501,IL15
4.312845,17993232.0,680.2908,0.001423,Treg,2019-4-18,4.0,23.477911,IL15
3.2766213,94477520.0,3208.951,0.000474,Treg,2019-4-18,4.0,11.309852,IL15
0.8583533,516444400.0,22012.11,84.0,Thelper,2019-4-18,4.0,-0.080801964,IL15
0.8825813,442106850.0,20260.934,28.0,Thelper,2019-4-18,4.0,0.012532473,IL15
1.172927,323486600.0,15354.964,9.333333,Thelper,2019-4-18,4.0,0.84566283,IL15
0.8822751,436429600.0,20537.602,3.111,Thelper,2019-4-18,4.0,0.060653687,IL15
1.5920084,116407120.0,8716.849,1.037037,Thelper,2019-4-18,4.0,2.6675663,IL15
3.59306,44183870.0,3668.1401,0.345679,Thelper,2019-4-18,4.0,19.852154,IL15
10.76275,10746858.0,765.43774,0.115226,Thelper,2019-4-18,4.0,201.23848,IL15
6.835375,2074415.4,148.82935,0.038409,Thelper,2019-4-18,4.0,192.70944,IL15
2.30074,1684951.6,48.62451,0.012803,Thelper,2019-4-18,4.0,28.492449,IL15
6.748291,2071531.9,0.0,0.004268,Thelper,2019-4-18,4.0,169.15396,IL15
5.3003106,2042873.1,3.0114746,0.001423,Thelper,2019-4-18,4.0,109.318275,IL15
10.502456,10204535.0,431.3474,0.000474,Thelper,2019-4-18,4.0,171.09016,IL15
0.7844884,498913950.0,20853.502,84.0,Treg,2019-4-18,2.0,-0.20882678,IL15
1.1299567,646264400.0,20725.137,28.0,Treg,2019-4-18,2.0,0.69879293,IL15
0.8113247,449160580.0,19675.283,9.333333,Treg,2019-4-18,2.0,-0.17959905,IL15
0.85915303,408350270.0,18049.486,3.111,Treg,2019-4-18,2.0,-0.28138852,IL15
26.775568,716500160.0,3568.5535,1.037037,Treg,2019-4-18,2.0,752.07965,IL15
9.42855,18986376.0,500.69067,0.345679,Treg,2019-4-18,2.0,116.76731,IL15
4.4778605,6874000.5,114.43652,0.115226,Treg,2019-4-18,2.0,31.475227,IL15
26.532967,1783366900.0,1466.1204,0.038409,Treg,2019-4-18,2.0,703.6531,IL15
5.3990207,8398816.0,162.91187,0.012803,Treg,2019-4-18,2.0,48.62458,IL15
5.094547,9706120.0,0.0,0.004268,Treg,2019-4-18,2.0,35.602486,IL15
7.2563267,10193190.0,142.29785,0.001423,Treg,2019-4-18,2.0,84.22369,IL15
6.5953975,20005770.0,769.46313,0.000474,Treg,2019-4-18,2.0,62.933083,IL15
1.6568394,379093500.0,16487.71,84.0,Thelper,2019-4-18,2.0,9.69406,IL15
1.2113115,471222460.0,18964.957,28.0,Thelper,2019-4-18,2.0,1.079597,IL15
73.30438,2336634600.0,17260.043,9.333333,Thelper,2019-4-18,2.0,6338.115,IL15
2.0853853,241904530.0,13120.462,3.111,Thelper,2019-4-18,2.0,20.074106,IL15
62.339325,110461990.0,1379.3977,1.037037,Thelper,2019-4-18,2.0,4377.076,IL15
8.358304,2402396.0,148.25537,0.345679,Thelper,2019-4-18,2.0,226.63855,IL15
1.8813092,1732002.2,3.0585938,0.115226,Thelper,2019-4-18,2.0,14.923004,IL15
97.35226,129904580.0,104.55469,0.038409,Thelper,2019-4-18,2.0,9621.708,IL15
1.9741439,1678074.4,3.3391113,0.012803,Thelper,2019-4-18,2.0,15.596796,IL15
10.898105,2417905.2,0.0,0.004268,Thelper,2019-4-18,2.0,370.12863,IL15
1.2672896,1618097.5,7.5026855,0.001423,Thelper,2019-4-18,2.0,5.1194286,IL15
20.599356,3498425.5,254.02173,0.000474,Thelper,2019-4-18,2.0,1068.3998,IL15
1.061721,492135170.0,19414.223,84.0,Treg,2019-4-18,1.0,0.30479074,IL15
0.8335556,601610940.0,21151.861,28.0,Treg,2019-4-18,1.0,-0.5322192,IL15
0.81851935,452614240.0,19662.041,9.333333,Treg,2019-4-18,1.0,-0.3113413,IL15
24.473125,16008587000.0,23963.723,3.111,Treg,2019-4-18,1.0,613.12036,IL15
2.038164,52640080.0,4446.9756,1.037037,Treg,2019-4-18,1.0,4.0141563,IL15
4.5323496,7861312.5,228.69604,0.345679,Treg,2019-4-18,1.0,31.575733,IL15
4.7850847,57932810.0,2119.0486,0.115226,Treg,2019-4-18,1.0,26.25107,IL15
6.5379844,11066482.0,441.65845,0.038409,Treg,2019-4-18,1.0,60.556164,IL15
3.0089254,4019114.2,0.0,0.012803,Treg,2019-4-18,1.0,26.933887,IL15
6.546582,22593924.0,816.7478,0.004268,Treg,2019-4-18,1.0,54.578762,IL15
2.2159414,4444914.0,117.10278,0.001423,Treg,2019-4-18,1.0,11.478569,IL15
6.3395824,29915864.0,1145.927,0.000474,Treg,2019-4-18,1.0,51.75756,IL15
1.0069394,364756500.0,18827.223,84.0,Thelper,2019-4-18,1.0,0.36356473,IL15
0.93806475,456765730.0,20273.188,28.0,Thelper,2019-4-18,1.0,0.12113023,IL15
25.726799,506577020.0,16184.343,9.333333,Thelper,2019-4-18,1.0,1499.6204,IL15
0.9555393,245150300.0,14983.341,3.111,Thelper,2019-4-18,1.0,0.24427676,IL15
3.845112,13529225.0,2059.4482,1.037037,Thelper,2019-4-18,1.0,34.86692,IL15
56.454597,23395454.0,206.25342,0.345679,Thelper,2019-4-18,1.0,3668.6113,IL15
8.954792,6234080.5,395.72534,0.115226,Thelper,2019-4-18,1.0,132.8211,IL15
49.88311,5537695.0,83.711426,0.038409,Thelper,2019-4-18,1.0,3580.5115,IL15
3.9382064,2051399.1,86.989746,0.012803,Thelper,2019-4-18,1.0,64.271385,IL15
33.195217,5729708.0,0.0,0.004268,Thelper,2019-4-18,1.0,1728.3619,IL15
3.3313675,1923047.0,3.8937988,0.001423,Thelper,2019-4-18,1.0,57.4547,IL15
3.0102303,2081822.4,22.263916,0.000474,Thelper,2019-4-18,1.0,35.01818,IL15
0.6569538,598302700.0,26199.104,84.0,Treg,2019-4-18,0.5,0.4757526,IL15
0.6242055,802509800.0,27448.361,28.0,Treg,2019-4-18,0.5,-0.65403247,IL15
0.38210404,529028400.0,26871.805,9.333333,Treg,2019-4-18,0.5,-0.7702508,IL15
0.314865,563309300.0,27341.53,3.111,Treg,2019-4-18,0.5,-0.9778397,IL15
1.5871481,57921036.0,6130.576,1.037037,Treg,2019-4-18,0.5,2.37851,IL15
0.90209734,2556243.2,0.0,0.345679,Treg,2019-4-18,0.5,0.8306284,IL15
4.256451,10675837.0,855.46045,0.115226,Treg,2019-4-18,0.5,25.786707,IL15
5.1915045,19201036.0,1177.565,0.038409,Treg,2019-4-18,0.5,33.981182,IL15
1.1688415,3349063.5,436.77417,0.012803,Treg,2019-4-18,0.5,2.3532252,IL15
5.297049,21560934.0,1640.834,0.004268,Treg,2019-4-18,0.5,38.90568,IL15
3.899408,8322688.0,1014.5884,0.001423,Treg,2019-4-18,0.5,22.915518,IL15
4.8791914,26776422.0,2078.4463,0.000474,Treg,2019-4-18,0.5,32.238644,IL15
0.5337687,403683550.0,23068.5,84.0,Thelper,2019-4-18,0.5,-0.49671626,IL15
4.956485,681073500.0,27849.701,28.0,Thelper,2019-4-18,0.5,153.21098,IL15
0.7157208,384638530.0,22287.133,9.333333,Thelper,2019-4-18,0.5,1.8800831,IL15
0.41682813,394140350.0,24192.793,3.111,Thelper,2019-4-18,0.5,-0.5865643,IL15
2.2947235,37051710.0,4050.153,1.037037,Thelper,2019-4-18,0.5,6.9291487,IL15
60.258053,15086486.0,0.0,0.345679,Thelper,2019-4-18,0.5,4212.0063,IL15
10.717941,3017725.0,130.32788,0.115226,Thelper,2019-4-18,0.5,281.48856,IL15
7.300346,2285867.8,75.73193,0.038409,Thelper,2019-4-18,0.5,218.2763,IL15
0.9763511,1761848.5,196.34106,0.012803,Thelper,2019-4-18,0.5,2.9799967,IL15
1.798194,1976926.2,271.84106,0.004268,Thelper,2019-4-18,0.5,14.736908,IL15
4.822928,2441100.5,329.7036,0.001423,Thelper,2019-4-18,0.5,80.87495,IL15
2.4946291,2314568.8,419.52124,0.000474,Thelper,2019-4-18,0.5,29.934605,IL15
0.90291244,3400004.2,729.6382,84.0,NK,2019-3-15,4.0,3.8974576,IL2
0.79887277,4018748.0,622.67236,28.0,NK,2019-3-15,4.0,1.1836205,IL2
0.87002105,7966302.0,1926.5933,9.333333,NK,2019-3-15,4.0,1.4483418,IL2
0.57055056,8407738.0,3881.4878,3.111,NK,2019-3-15,4.0,0.71684074,IL2
0.88981724,6483926.5,4464.6274,1.037037,NK,2019-3-15,4.0,3.096057,IL2
0.7196561,6388687.0,3553.6714,0.345679,NK,2019-3-15,4.0,1.1665511,IL2
1.6170938,5198745.5,1813.4282,0.115226,NK,2019-3-15,4.0,5.408453,IL2
1.4339468,3563226.8,752.0405,0.038409,NK,2019-3-15,4.0,2.9724889,IL2
2.058096,3795393.8,396.8667,0.012803,NK,2019-3-15,4.0,7.088629,IL2
1.2946265,2742863.0,206.4414,0.004268,NK,2019-3-15,4.0,3.1248636,IL2
1.673237,2318066.2,0.0,0.001423,NK,2019-3-15,4.0,6.5953608,IL2
3.0278842,2592178.8,124.82568,0.000474,NK,2019-3-15,4.0,26.463896,IL2
4.8277164,3393598.5,0.0,84.0,CD8,2019-3-15,4.0,40.91337,IL2
4.8535814,5618174.0,303.437,28.0,CD8,2019-3-15,4.0,45.09218,IL2
3.024404,33776544.0,3779.3848,9.333333,CD8,2019-3-15,4.0,28.381762,IL2
1.6195923,25528620.0,5891.9155,3.111,CD8,2019-3-15,4.0,4.9974275,IL2
1.8991427,26147810.0,5799.1206,1.037037,CD8,2019-3-15,4.0,6.0634346,IL2
3.3114567,24192040.0,4110.032,0.345679,CD8,2019-3-15,4.0,18.33244,IL2
4.1168,15134288.0,2000.5825,0.115226,CD8,2019-3-15,4.0,21.437864,IL2
5.241357,8930714.0,1387.1304,0.038409,CD8,2019-3-15,4.0,40.207973,IL2
5.809482,5223997.0,932.6133,0.012803,CD8,2019-3-15,4.0,52.873734,IL2
6.238724,2223462.8,715.4719,0.004268,CD8,2019-3-15,4.0,83.631874,IL2
32.588913,5007377.0,765.7278,0.001423,CD8,2019-3-15,4.0,1790.5045,IL2
3.230491,1509478.8,729.2229,0.000474,CD8,2019-3-15,4.0,34.737064,IL2
1.0404503,9932171.0,2508.4526,84.0,NK,2019-3-15,2.0,1.8843193,IL2
0.7868421,9106477.0,5401.8315,28.0,NK,2019-3-15,2.0,2.303872,IL2
0.4208264,11339310.0,6015.264,9.333333,NK,2019-3-15,2.0,0.87529016,IL2
0.6664471,8009394.0,5400.3315,3.111,NK,2019-3-15,2.0,1.2276392,IL2
1.4624712,6508628.5,2969.9429,1.037037,NK,2019-3-15,2.0,5.5054884,IL2
2.1159258,4536385.5,1428.4009,0.345679,NK,2019-3-15,2.0,7.137294,IL2
2.295984,5024928.0,822.10547,0.115226,NK,2019-3-15,2.0,7.9229555,IL2
1.9633223,3126535.5,493.19922,0.038409,NK,2019-3-15,2.0,7.3738346,IL2
2.3423247,2840166.2,478.83887,0.012803,NK,2019-3-15,2.0,15.323072,IL2
1.0235705,1773638.2,124.76904,0.004268,NK,2019-3-15,2.0,2.3756042,IL2
1.8230857,2296753.2,0.0,0.001423,NK,2019-3-15,2.0,5.7379465,IL2
1.7533925,2276807.0,105.251465,0.000474,NK,2019-3-15,2.0,5.1076,IL2
2.0379615,36204204.0,3498.6025,84.0,CD8,2019-3-15,2.0,6.468191,IL2
1.329176,38014140.0,7502.746,28.0,CD8,2019-3-15,2.0,5.5545177,IL2
1.0266429,40008060.0,8509.236,9.333333,CD8,2019-3-15,2.0,2.657216,IL2
1.814888,28943728.0,6328.456,3.111,CD8,2019-3-15,2.0,7.236619,IL2
3.890174,12686098.0,2296.0024,1.037037,CD8,2019-3-15,2.0,26.789343,IL2
4.3264866,10285952.0,1256.2178,0.345679,CD8,2019-3-15,2.0,27.182234,IL2
6.24161,7999385.0,792.4717,0.115226,CD8,2019-3-15,2.0,78.306496,IL2
6.5164714,3961447.2,554.1531,0.038409,CD8,2019-3-15,2.0,71.74951,IL2
8.395426,2672885.5,466.40796,0.012803,CD8,2019-3-15,2.0,142.0784,IL2
7.5246115,1750447.2,281.4663,0.004268,CD8,2019-3-15,2.0,129.19339,IL2
1.3046831,892337.4,0.0,0.001423,CD8,2019-3-15,2.0,5.449127,IL2
3.3183174,1333310.4,256.30835,0.000474,CD8,2019-3-15,2.0,39.03668,IL2
0.80762124,13185212.0,6841.487,84.0,NK,2019-3-15,1.0,1.77495,IL2
1.5400108,14498214.0,6818.0815,28.0,NK,2019-3-15,1.0,8.645078,IL2
0.30194625,9673982.0,6528.071,9.333333,NK,2019-3-15,1.0,0.36042595,IL2
0.99717414,10996025.0,5608.155,3.111,NK,2019-3-15,1.0,2.136056,IL2
2.919393,9396179.0,2163.23,1.037037,NK,2019-3-15,1.0,13.235596,IL2
2.4193954,6947313.0,1140.3379,0.345679,NK,2019-3-15,1.0,9.049521,IL2
1.8138748,3690863.5,545.709,0.115226,NK,2019-3-15,1.0,5.2957935,IL2
1.6932383,3098967.8,319.65527,0.038409,NK,2019-3-15,1.0,5.0069103,IL2
1.6666414,2333883.8,107.65332,0.012803,NK,2019-3-15,1.0,4.9950495,IL2
1.4302264,2054536.9,130.16943,0.004268,NK,2019-3-15,1.0,4.413566,IL2
1.151999,1927691.6,109.90967,0.001423,NK,2019-3-15,1.0,2.397241,IL2
1.1550266,2077470.9,0.0,0.000474,NK,2019-3-15,1.0,3.0925746,IL2
0.8164492,39941970.0,9545.01,84.0,CD8,2019-3-15,1.0,2.1610188,IL2
0.5859622,39255724.0,9462.674,28.0,CD8,2019-3-15,1.0,0.7098484,IL2
0.7307952,39571880.0,9885.631,9.333333,CD8,2019-3-15,1.0,1.9069247,IL2
1.1212747,30429324.0,7414.112,3.111,CD8,2019-3-15,1.0,2.690112,IL2
3.989941,18016318.0,1838.1709,1.037037,CD8,2019-3-15,1.0,22.370724,IL2
4.232742,10479717.0,950.92896,0.345679,CD8,2019-3-15,1.0,24.107147,IL2
6.5549216,6735783.0,528.53564,0.115226,CD8,2019-3-15,1.0,73.03215,IL2
10.044804,3070616.5,476.3977,0.038409,CD8,2019-3-15,1.0,234.35628,IL2
4.9554896,1439218.8,102.42432,0.012803,CD8,2019-3-15,1.0,66.41012,IL2
1.7654034,1058867.9,97.00098,0.004268,CD8,2019-3-15,1.0,13.848391,IL2
4.958586,1465743.1,260.86084,0.001423,CD8,2019-3-15,1.0,80.94023,IL2
1.856246,1014623.1,0.0,0.000474,CD8,2019-3-15,1.0,13.972855,IL2
0.58089316,10920511.0,6865.611,84.0,NK,2019-3-15,0.5,1.5333724,IL2
0.31476527,10223531.0,6651.887,28.0,NK,2019-3-15,0.5,0.57449746,IL2
0.6331122,11110626.0,6782.2007,9.333333,NK,2019-3-15,0.5,2.1741462,IL2
1.6797698,11243415.0,5934.267,3.111,NK,2019-3-15,0.5,9.027077,IL2
2.0363126,7740004.0,2195.4062,1.037037,NK,2019-3-15,0.5,7.543277,IL2
1.8682896,5506118.5,1221.0962,0.345679,NK,2019-3-15,0.5,5.365486,IL2
2.1973634,4369937.0,780.2715,0.115226,NK,2019-3-15,0.5,8.845675,IL2
2.0107198,3069747.5,457.35498,0.038409,NK,2019-3-15,0.5,6.657133,IL2
0.9890098,2353279.5,276.47803,0.012803,NK,2019-3-15,0.5,1.225493,IL2
1.3215722,2284715.5,157.30664,0.004268,NK,2019-3-15,0.5,2.7395573,IL2
1.1939085,1948707.1,0.0,0.001423,NK,2019-3-15,0.5,2.5222445,IL2
1.4010313,2321175.5,227.95605,0.000474,NK,2019-3-15,0.5,2.9526806,IL2
0.6139054,40335180.0,11688.912,84.0,CD8,2019-3-15,0.5,1.2950583,IL2
0.5277655,36727360.0,11564.016,28.0,CD8,2019-3-15,0.5,1.0640488,IL2
0.714829,37054350.0,11038.865,9.333333,CD8,2019-3-15,0.5,2.0835214,IL2
1.1430733,28993326.0,7396.0024,3.111,CD8,2019-3-15,0.5,2.516408,IL2
3.7869627,12673946.0,1422.6978,1.037037,CD8,2019-3-15,0.5,17.485643,IL2
10.034754,6731410.0,680.8635,0.345679,CD8,2019-3-15,0.5,267.1458,IL2
5.7565084,2564277.8,266.70093,0.115226,CD8,2019-3-15,0.5,53.497158,IL2
5.5897117,1527199.1,309.69458,0.038409,CD8,2019-3-15,0.5,72.65337,IL2
2.157139,783724.2,0.0,0.012803,CD8,2019-3-15,0.5,20.115803,IL2
3.3884344,853322.25,7.873047,0.004268,CD8,2019-3-15,0.5,46.39754,IL2
1.4208951,774893.0,2.100586,0.001423,CD8,2019-3-15,0.5,6.0775213,IL2
3.4301467,1145979.9,259.8562,0.000474,CD8,2019-3-15,0.5,38.606934,IL2
1.1485074,3385918.0,1691.0708,84.0,NK,2019-3-15,4.0,1.7761488,IL15
1.2772024,4378787.5,1748.977,28.0,NK,2019-3-15,4.0,2.0982056,IL15
1.2093397,3440973.2,1644.3721,9.333333,NK,2019-3-15,4.0,2.17094,IL15
1.1167896,3117115.5,1516.3965,3.111,NK,2019-3-15,4.0,1.7685146,IL15
0.95369107,2717058.5,1635.4062,1.037037,NK,2019-3-15,4.0,1.6852355,IL15
1.0706133,2440461.2,1303.6489,0.345679,NK,2019-3-15,4.0,2.040988,IL15
1.0698925,2610316.2,1097.8784,0.115226,NK,2019-3-15,4.0,1.9764161,IL15
1.4314566,2227075.8,367.07227,0.038409,NK,2019-3-15,4.0,3.9948196,IL15
1.2539406,1833530.6,0.0,0.012803,NK,2019-3-15,4.0,2.9292083,IL15
1.0854595,1991264.2,174.71436,0.004268,NK,2019-3-15,4.0,1.8955216,IL15
1.1967742,2141678.2,159.24414,0.001423,NK,2019-3-15,4.0,2.3470836,IL15
1.3349856,2219027.5,400.82324,0.000474,NK,2019-3-15,4.0,3.2251248,IL15
1.025847,4862486.0,2668.3774,84.0,CD8,2019-3-15,4.0,3.5719028,IL15
0.9844989,5263994.5,2688.2324,28.0,CD8,2019-3-15,4.0,2.2238364,IL15
0.90695715,4947565.5,2612.5737,9.333333,CD8,2019-3-15,4.0,1.9583497,IL15
0.8927463,5220284.0,2777.832,3.111,CD8,2019-3-15,4.0,1.9599552,IL15
0.81476384,4397663.5,2476.002,1.037037,CD8,2019-3-15,4.0,1.1073189,IL15
1.5148544,2727217.0,1455.6865,0.345679,CD8,2019-3-15,4.0,8.084379,IL15
2.3041875,1493284.4,658.9912,0.115226,CD8,2019-3-15,4.0,23.086138,IL15
2.6221528,823849.2,117.536865,0.038409,CD8,2019-3-15,4.0,31.778034,IL15
0.75175816,619653.9,0.0,0.012803,CD8,2019-3-15,4.0,2.0044718,IL15
1.2747638,778035.2,102.62842,0.004268,CD8,2019-3-15,4.0,6.257429,IL15
0.51381075,624205.25,9.245361,0.001423,CD8,2019-3-15,4.0,0.6749184,IL15
0.9168075,772937.5,296.94043,0.000474,CD8,2019-3-15,4.0,5.0907803,IL15
0.4834953,9478667.0,5897.276,84.0,NK,2019-3-15,2.0,1.3985605,IL15
-0.22475155,3031043.8,1750.2227,28.0,NK,2019-3-15,2.0,-0.7279699,IL15
0.62343436,9989174.0,5392.857,9.333333,NK,2019-3-15,2.0,2.069786,IL15
0.46876258,10272174.0,5513.318,3.111,NK,2019-3-15,2.0,0.8233092,IL15
1.1286355,7959831.5,5016.2114,1.037037,NK,2019-3-15,2.0,4.33082,IL15
0.9917084,4329586.0,2463.0273,0.345679,NK,2019-3-15,2.0,3.032021,IL15
1.0025387,1988418.0,374.67725,0.115226,NK,2019-3-15,2.0,1.6135125,IL15
1.3718333,2528638.8,148.35352,0.038409,NK,2019-3-15,2.0,2.5688882,IL15
1.3710861,2306863.0,0.0,0.012803,NK,2019-3-15,2.0,2.7783766,IL15
0.9267755,1933357.1,168.64795,0.004268,NK,2019-3-15,2.0,1.7460399,IL15
0.9268065,2116661.5,142.17188,0.001423,NK,2019-3-15,2.0,1.0145597,IL15
0.7105584,2362096.0,442.2622,0.000474,NK,2019-3-15,2.0,0.7668493,IL15
0.6827376,38520844.0,8506.354,84.0,CD8,2019-3-15,2.0,0.95111394,IL15
3.9920697,525214080.0,11311.107,28.0,CD8,2019-3-15,2.0,17.379192,IL15
0.80950105,39202404.0,8788.051,9.333333,CD8,2019-3-15,2.0,2.5470238,IL15
0.7871711,34092644.0,8204.148,3.111,CD8,2019-3-15,2.0,1.8356805,IL15
1.0717257,18203290.0,5297.8125,1.037037,CD8,2019-3-15,2.0,2.1839232,IL15
2.672607,3564536.2,1181.4148,0.345679,CD8,2019-3-15,2.0,17.234425,IL15
18.812462,2902776.2,451.29272,0.115226,CD8,2019-3-15,2.0,670.406,IL15
3.8669188,1386975.6,331.8352,0.038409,CD8,2019-3-15,2.0,52.76276,IL15
4.0612392,1273403.1,33.003906,0.012803,CD8,2019-3-15,2.0,46.62207,IL15
12.221621,1500967.8,133.98706,0.004268,CD8,2019-3-15,2.0,427.85526,IL15
16.924414,1516367.1,0.0,0.001423,CD8,2019-3-15,2.0,757.53845,IL15
1.3988776,1216391.2,254.35742,0.000474,CD8,2019-3-15,2.0,9.853753,IL15
0.44180673,10392565.0,6173.4023,84.0,NK,2019-3-15,1.0,0.8702154,IL15
1.0097911,12901003.0,6655.046,28.0,NK,2019-3-15,1.0,2.9588675,IL15
0.6770748,13216140.0,6586.8535,9.333333,NK,2019-3-15,1.0,1.8328876,IL15
0.8495219,10625003.0,6648.083,3.111,NK,2019-3-15,1.0,2.1790051,IL15
1.2847558,7300125.5,4743.628,1.037037,NK,2019-3-15,1.0,5.11728,IL15
1.1803026,2487923.5,997.3159,0.345679,NK,2019-3-15,1.0,3.5214005,IL15
1.676718,2336578.0,434.1338,0.115226,NK,2019-3-15,1.0,4.9223275,IL15
1.5500512,2087270.8,292.87793,0.038409,NK,2019-3-15,1.0,4.2836943,IL15
1.6227999,2266778.2,227.16602,0.012803,NK,2019-3-15,1.0,4.454547,IL15
1.5151244,2109519.8,140.6914,0.004268,NK,2019-3-15,1.0,4.0208397,IL15
1.4038688,2054390.5,22.23291,0.001423,NK,2019-3-15,1.0,3.5075126,IL15
1.5794315,2507306.2,0.0,0.000474,NK,2019-3-15,1.0,3.4147449,IL15
0.66608685,35967624.0,10059.053,84.0,CD8,2019-3-15,1.0,1.8010535,IL15
0.5435021,36398948.0,10178.035,28.0,CD8,2019-3-15,1.0,0.8385997,IL15
0.74057424,37781224.0,10371.432,9.333333,CD8,2019-3-15,1.0,2.5383034,IL15
0.6417861,32677964.0,9755.458,3.111,CD8,2019-3-15,1.0,1.1002021,IL15
1.0801302,12399541.0,4841.2197,1.037037,CD8,2019-3-15,1.0,2.16124,IL15
1.6615543,2734219.2,1378.1375,0.345679,CD8,2019-3-15,1.0,5.034728,IL15
1.6750735,958680.5,525.6609,0.115226,CD8,2019-3-15,1.0,14.067242,IL15
2.2097917,918836.75,438.22144,0.038409,CD8,2019-3-15,1.0,21.772024,IL15
0.64763147,666455.94,255.19702,0.012803,CD8,2019-3-15,1.0,1.0582056,IL15
2.5818498,764762.2,202.67163,0.004268,CD8,2019-3-15,1.0,29.423748,IL15
5.927831,751137.75,0.0,0.001423,CD8,2019-3-15,1.0,164.51834,IL15
2.9508498,745090.44,52.226074,0.000474,CD8,2019-3-15,1.0,36.744144,IL15
0.44059703,13249826.0,6435.297,84.0,NK,2019-3-15,0.5,0.5449233,IL15
0.5875666,14103485.0,6227.4316,28.0,NK,2019-3-15,0.5,1.2814627,IL15
0.3868656,12751088.0,6402.255,9.333333,NK,2019-3-15,0.5,0.3311801,IL15
0.82821196,15194632.0,6733.3184,3.111,NK,2019-3-15,0.5,2.5438137,IL15
1.5232948,9658876.0,5199.42,1.037037,NK,2019-3-15,0.5,6.3051643,IL15
1.4373096,2947650.2,441.94238,0.345679,NK,2019-3-15,0.5,3.5029173,IL15
1.2875977,2143000.0,213.8706,0.115226,NK,2019-3-15,0.5,2.736905,IL15
1.1538013,1911141.5,159.97559,0.038409,NK,2019-3-15,0.5,2.1251292,IL15
0.84159166,1646781.4,59.481445,0.012803,NK,2019-3-15,0.5,1.1384249,IL15
1.4711554,1958110.9,8.584961,0.004268,NK,2019-3-15,0.5,4.003991,IL15
1.0541891,1806258.5,114.9707,0.001423,NK,2019-3-15,0.5,2.018381,IL15
1.9354086,2374636.8,0.0,0.000474,NK,2019-3-15,0.5,8.723149,IL15
0.7952206,47878020.0,12748.159,84.0,CD8,2019-3-15,0.5,3.0529923,IL15
0.5826733,47987228.0,12929.021,28.0,CD8,2019-3-15,0.5,1.0511813,IL15
0.6589555,44032950.0,12440.748,9.333333,CD8,2019-3-15,0.5,1.9155984,IL15
0.3540622,42543200.0,12661.245,3.111,CD8,2019-3-15,0.5,0.5831704,IL15
0.9044811,24614056.0,7469.176,1.037037,CD8,2019-3-15,0.5,1.4696193,IL15
1.9096764,2260913.8,514.44727,0.345679,CD8,2019-3-15,0.5,8.589469,IL15
1.384624,1164706.6,283.81665,0.115226,CD8,2019-3-15,0.5,8.578532,IL15
5.2931166,1431568.4,222.37012,0.038409,CD8,2019-3-15,0.5,88.87502,IL15
1.4246587,1065257.0,203.7273,0.012803,CD8,2019-3-15,0.5,9.476789,IL15
3.2787766,1129801.8,241.7312,0.004268,CD8,2019-3-15,0.5,58.309505,IL15
2.739439,1198639.0,163.89941,0.001423,CD8,2019-3-15,0.5,27.516855,IL15
1.0690548,961272.3,0.0,0.000474,CD8,2019-3-15,0.5,3.6382432,IL15
0.7607711,4778551.0,2953.3953,84.0,NK,2019-3-27,4.0,0.7857816,IL2
0.86892194,6304316.5,3198.2117,28.0,NK,2019-3-27,4.0,0.4889822,IL2
2.0639663,5152947.0,2667.1204,9.333333,NK,2019-3-27,4.0,9.893011,IL2
1.0673115,4429112.5,2514.719,3.111,NK,2019-3-27,4.0,1.6876869,IL2
1.1800243,5278371.5,2402.447,1.037037,NK,2019-3-27,4.0,1.6364517,IL2
1.0425698,4376041.0,2254.297,0.345679,NK,2019-3-27,4.0,1.2974072,IL2
1.4091393,4063785.0,1398.8142,0.115226,NK,2019-3-27,4.0,2.3332472,IL2
1.9660612,3301906.0,525.4265,0.038409,NK,2019-3-27,4.0,5.948148,IL2
2.0211222,3121195.5,281.94995,0.012803,NK,2019-3-27,4.0,5.452009,IL2
1.3222857,2146523.0,190.23657,0.004268,NK,2019-3-27,4.0,2.3715382,IL2
1.5866691,2188770.8,68.03833,0.001423,NK,2019-3-27,4.0,3.3941627,IL2
1.4159094,1967955.5,0.0,0.000474,NK,2019-3-27,4.0,2.7910562,IL2
2.4433537,21796418.0,5474.1245,84.0,CD8,2019-3-27,4.0,26.641489,IL2
8.048327,26157326.0,5322.7617,28.0,CD8,2019-3-27,4.0,242.79596,IL2
1.384232,21372030.0,5245.1167,9.333333,CD8,2019-3-27,4.0,3.55891,IL2
1.4862565,15168143.0,4194.126,3.111,CD8,2019-3-27,4.0,3.4574409,IL2
21.653402,21333072.0,3265.314,1.037037,CD8,2019-3-27,4.0,1064.281,IL2
3.0673401,9040212.0,1857.5247,0.345679,CD8,2019-3-27,4.0,13.103811,IL2
3.6050766,8795505.0,1207.6777,0.115226,CD8,2019-3-27,4.0,16.138788,IL2
4.6024094,5496162.0,648.6233,0.038409,CD8,2019-3-27,4.0,27.385105,IL2
4.9855533,2142032.8,302.76318,0.012803,CD8,2019-3-27,4.0,40.04291,IL2
6.901662,1237275.0,147.34119,0.004268,CD8,2019-3-27,4.0,86.28064,IL2
6.0645633,888976.6,71.98987,0.001423,CD8,2019-3-27,4.0,82.13612,IL2
6.332965,626903.06,0.0,0.000474,CD8,2019-3-27,4.0,120.782455,IL2
0.7058495,5144098.0,3454.4407,84.0,NK,2019-3-27,2.0,0.9089532,IL2
0.96820325,5613552.0,3897.5706,28.0,NK,2019-3-27,2.0,1.2468772,IL2
0.85546523,5119010.5,3379.735,9.333333,NK,2019-3-27,2.0,2.0889673,IL2
0.79392666,5014973.5,3130.1921,3.111,NK,2019-3-27,2.0,0.44414115,IL2
1.385017,4109317.5,1932.4968,1.037037,NK,2019-3-27,2.0,3.7243342,IL2
1.8053967,3718180.8,827.6848,0.345679,NK,2019-3-27,2.0,5.4872475,IL2
2.0450284,4439554.5,741.81274,0.115226,NK,2019-3-27,2.0,5.32915,IL2
1.9725531,2726897.5,421.2566,0.038409,NK,2019-3-27,2.0,5.8346624,IL2
1.5585628,2097694.0,204.52783,0.012803,NK,2019-3-27,2.0,3.104056,IL2
1.8066657,2198078.8,0.0,0.004268,NK,2019-3-27,2.0,4.3120313,IL2
1.6734682,2700544.8,140.79004,0.001423,NK,2019-3-27,2.0,3.2388701,IL2
1.9000008,2234531.2,53.23413,0.000474,NK,2019-3-27,2.0,5.7345905,IL2
7.349384,23915786.0,5062.1504,84.0,CD8,2019-3-27,2.0,226.47443,IL2
1.2881848,19049254.0,4907.496,28.0,CD8,2019-3-27,2.0,3.228767,IL2
1.4861315,16758951.0,4365.382,9.333333,CD8,2019-3-27,2.0,4.268217,IL2
2.109138,14543577.0,3571.369,3.111,CD8,2019-3-27,2.0,7.8624125,IL2
3.0105457,8826011.0,1714.6367,1.037037,CD8,2019-3-27,2.0,11.789437,IL2
4.2054563,4566625.0,688.4595,0.345679,CD8,2019-3-27,2.0,24.982008,IL2
4.628414,4066361.0,563.56445,0.115226,CD8,2019-3-27,2.0,30.670609,IL2
5.2873282,3273013.8,569.71265,0.038409,CD8,2019-3-27,2.0,39.408756,IL2
7.766522,803786.25,0.0,0.012803,CD8,2019-3-27,2.0,126.419556,IL2
52.907104,3225264.0,131.7113,0.004268,CD8,2019-3-27,2.0,3655.2632,IL2
5.5068455,691795.6,46.635864,0.001423,CD8,2019-3-27,2.0,78.87747,IL2
68.45026,4865031.5,25.870605,0.000474,CD8,2019-3-27,2.0,5195.499,IL2
0.9172241,5303526.5,3605.0708,84.0,NK,2019-3-27,1.0,1.2380204,IL2
1.4437431,7769428.5,4133.58,28.0,NK,2019-3-27,1.0,2.4989738,IL2
0.7529708,5870128.5,3789.7407,9.333333,NK,2019-3-27,1.0,0.71828794,IL2
1.0992886,5639765.5,3356.4043,3.111,NK,2019-3-27,1.0,1.8378296,IL2
1.3103527,3197726.8,1151.459,1.037037,NK,2019-3-27,1.0,2.4052114,IL2
1.8556507,6081611.5,954.4292,0.345679,NK,2019-3-27,1.0,4.383938,IL2
2.374869,5396567.0,681.2783,0.115226,NK,2019-3-27,1.0,6.915552,IL2
1.5089378,2141093.8,55.266113,0.038409,NK,2019-3-27,1.0,2.7729568,IL2
1.5542439,2350489.5,44.507324,0.012803,NK,2019-3-27,1.0,3.0033894,IL2
1.5478162,2336407.5,0.0,0.004268,NK,2019-3-27,1.0,2.7414494,IL2
1.5005459,2883848.0,259.03174,0.001423,NK,2019-3-27,1.0,2.2348728,IL2
1.5057771,2655504.8,100.45752,0.000474,NK,2019-3-27,1.0,2.5584502,IL2
0.9113677,13009903.0,4764.286,84.0,CD8,2019-3-27,1.0,1.52038,IL2
0.9592486,16098748.0,5566.8877,28.0,CD8,2019-3-27,1.0,1.9307971,IL2
0.9320288,13911118.0,4958.4326,9.333333,CD8,2019-3-27,1.0,1.4183116,IL2
1.4611207,13401429.0,4150.354,3.111,CD8,2019-3-27,1.0,3.6317172,IL2
2.4642076,14749361.0,2243.742,1.037037,CD8,2019-3-27,1.0,7.1260576,IL2
43.736485,9387733.0,482.99695,0.345679,CD8,2019-3-27,1.0,2937.2683,IL2
5.71824,2478984.0,352.20117,0.115226,CD8,2019-3-27,1.0,48.903736,IL2
8.438301,1904706.1,353.5398,0.038409,CD8,2019-3-27,1.0,118.48592,IL2
3.898202,475537.84,0.0,0.012803,CD8,2019-3-27,1.0,46.853077,IL2
4.854453,709956.4,152.3894,0.004268,CD8,2019-3-27,1.0,51.160114,IL2
4.9905233,795741.5,266.96228,0.001423,CD8,2019-3-27,1.0,58.590446,IL2
2.4159527,420821.62,17.949097,0.000474,CD8,2019-3-27,1.0,24.30974,IL2
0.59179103,4825347.5,4071.8147,84.0,NK,2019-3-27,0.5,2.2136683,IL2
0.72209084,5053201.0,4038.2874,28.0,NK,2019-3-27,0.5,0.5665946,IL2
0.74188954,5877239.5,4542.587,9.333333,NK,2019-3-27,0.5,1.2527351,IL2
0.81365174,5819813.0,4182.615,3.111,NK,2019-3-27,0.5,1.3707075,IL2
1.7541231,7364020.0,1774.0261,1.037037,NK,2019-3-27,0.5,4.1116204,IL2
2.205328,3158254.2,490.469,0.345679,NK,2019-3-27,0.5,7.212949,IL2
2.0494714,3509795.2,355.48218,0.115226,NK,2019-3-27,0.5,5.04615,IL2
2.043213,2384741.2,63.963135,0.038409,NK,2019-3-27,0.5,6.3770037,IL2
1.4895915,2344421.2,124.631836,0.012803,NK,2019-3-27,0.5,3.008131,IL2
1.4175955,2082508.0,166.92896,0.004268,NK,2019-3-27,0.5,2.732544,IL2
1.9285731,2253254.0,63.40454,0.001423,NK,2019-3-27,0.5,5.21589,IL2
1.62003,2080024.5,0.0,0.000474,NK,2019-3-27,0.5,4.102873,IL2
0.9881287,21785092.0,7174.1504,84.0,CD8,2019-3-27,0.5,2.255804,IL2
0.81116,23114082.0,7013.1074,28.0,CD8,2019-3-27,0.5,1.174417,IL2
0.87874115,20303974.0,6722.173,9.333333,CD8,2019-3-27,0.5,1.3493972,IL2
1.3357391,18680470.0,4994.204,3.111,CD8,2019-3-27,0.5,2.437653,IL2
2.951236,14487888.0,1810.5498,1.037037,CD8,2019-3-27,0.5,9.944952,IL2
6.109656,2204050.8,394.08118,0.345679,CD8,2019-3-27,0.5,59.66961,IL2
6.7864385,1701187.0,387.90527,0.115226,CD8,2019-3-27,0.5,75.26652,IL2
6.168019,922556.25,271.55176,0.038409,CD8,2019-3-27,0.5,76.00881,IL2
6.988176,654910.25,103.07434,0.012803,CD8,2019-3-27,0.5,105.43707,IL2
10.785785,915770.3,247.58447,0.004268,CD8,2019-3-27,0.5,260.7549,IL2
7.346394,700335.3,209.89844,0.001423,CD8,2019-3-27,0.5,129.369,IL2
2.139929,332986.25,0.0,0.000474,CD8,2019-3-27,0.5,25.719448,IL2
1.2393245,4922464.0,2675.1343,84.0,NK,2019-3-27,4.0,2.2411432,IL15
1.1534711,3300566.5,2185.1099,28.0,NK,2019-3-27,4.0,1.8311143,IL15
0.69873136,4431613.5,2550.81,9.333333,NK,2019-3-27,4.0,0.6325755,IL15
0.91941494,4986386.5,3155.52,3.111,NK,2019-3-27,4.0,0.87521935,IL15
0.8208092,4495654.5,2716.35,1.037037,NK,2019-3-27,4.0,0.36476898,IL15
0.67974347,3787301.5,3330.5962,0.345679,NK,2019-3-27,4.0,0.51651645,IL15
1.3034444,4215885.5,2129.3862,0.115226,NK,2019-3-27,4.0,2.6591868,IL15
1.1411682,3166279.8,1111.189,0.038409,NK,2019-3-27,4.0,1.651475,IL15
1.3902563,2073809.8,227.68774,0.012803,NK,2019-3-27,4.0,3.2050428,IL15
1.7055813,2556200.8,106.72656,0.004268,NK,2019-3-27,4.0,2.8810406,IL15
1.3731488,2024505.0,19.900879,0.001423,NK,2019-3-27,4.0,2.1639462,IL15
1.6650892,1776430.2,0.0,0.000474,NK,2019-3-27,4.0,3.684774,IL15
0.9936928,9585237.0,3551.378,84.0,CD8,2019-3-27,4.0,1.5350456,IL15
1.1399553,11324710.0,4074.934,28.0,CD8,2019-3-27,4.0,2.4685225,IL15
1.0512141,14595346.0,4607.064,9.333333,CD8,2019-3-27,4.0,1.851479,IL15
0.9946001,14287189.0,4695.6655,3.111,CD8,2019-3-27,4.0,1.4923091,IL15
0.8861838,15583491.0,5001.224,1.037037,CD8,2019-3-27,4.0,1.0194979,IL15
1.0730857,9224209.0,3647.5537,0.345679,CD8,2019-3-27,4.0,1.9278388,IL15
2.106543,5048413.0,1962.3473,0.115226,CD8,2019-3-27,4.0,7.211402,IL15
4.7932506,1628934.5,616.3927,0.038409,CD8,2019-3-27,4.0,47.994984,IL15
7.292603,742287.7,162.526,0.012803,CD8,2019-3-27,4.0,137.93869,IL15
5.9922037,573448.25,39.387695,0.004268,CD8,2019-3-27,4.0,98.66614,IL15
5.1049504,771198.6,169.29004,0.001423,CD8,2019-3-27,4.0,58.68712,IL15
5.6393023,482710.2,0.0,0.000474,CD8,2019-3-27,4.0,104.95135,IL15
1.2272809,5914114.5,3254.661,84.0,NK,2019-3-27,2.0,1.8374114,IL15
0.7608996,5293103.0,3657.7004,28.0,NK,2019-3-27,2.0,0.6722901,IL15
1.3566515,6096338.5,4174.3564,9.333333,NK,2019-3-27,2.0,3.331276,IL15
0.86174685,4165622.2,3427.7117,3.111,NK,2019-3-27,2.0,1.807632,IL15
0.5369722,5182447.0,3252.8625,1.037037,NK,2019-3-27,2.0,0.11790943,IL15
1.313067,3925170.5,1824.1956,0.345679,NK,2019-3-27,2.0,1.9531522,IL15
1.4828823,2575024.8,472.2998,0.115226,NK,2019-3-27,2.0,2.4132028,IL15
1.6589078,2375102.8,315.32373,0.038409,NK,2019-3-27,2.0,3.4582496,IL15
1.9510528,2174873.2,224.80054,0.012803,NK,2019-3-27,2.0,5.340253,IL15
1.1936926,2313181.0,191.75684,0.004268,NK,2019-3-27,2.0,1.133091,IL15
1.2617042,1762493.1,0.0,0.001423,NK,2019-3-27,2.0,1.505837,IL15
1.5732336,2246220.2,142.21948,0.000474,NK,2019-3-27,2.0,2.6074343,IL15
1.0861832,9609421.0,3822.9724,84.0,CD8,2019-3-27,2.0,2.4804387,IL15
0.90392953,13334258.0,4672.1514,28.0,CD8,2019-3-27,2.0,1.3057399,IL15
0.90899587,17689328.0,5595.1123,9.333333,CD8,2019-3-27,2.0,1.633882,IL15
1.1242298,13034052.0,4572.585,3.111,CD8,2019-3-27,2.0,2.647788,IL15
1.8364199,5664866.5,2575.4805,1.037037,CD8,2019-3-27,2.0,9.140305,IL15
3.958856,1439013.4,752.88745,0.345679,CD8,2019-3-27,2.0,36.486492,IL15
4.7094727,980293.9,509.41943,0.115226,CD8,2019-3-27,2.0,47.855087,IL15
13.306218,703502.4,232.25037,0.038409,CD8,2019-3-27,2.0,403.51947,IL15
4.560488,471844.1,180.56567,0.012803,CD8,2019-3-27,2.0,74.636154,IL15
1.9705011,377745.34,97.7229,0.004268,CD8,2019-3-27,2.0,13.961855,IL15
3.7184856,358429.75,30.485352,0.001423,CD8,2019-3-27,2.0,55.99647,IL15
3.4298322,359823.8,0.0,0.000474,CD8,2019-3-27,2.0,52.4942,IL15
0.7045693,4089373.0,3551.3723,84.0,NK,2019-3-27,1.0,1.5432501,IL15
0.37970886,5004744.5,3869.0793,28.0,NK,2019-3-27,1.0,0.032171488,IL15
0.6870221,7374318.0,4112.9883,9.333333,NK,2019-3-27,1.0,1.2931156,IL15
0.117277056,5279445.0,4434.801,3.111,NK,2019-3-27,1.0,0.25984502,IL15
0.92689484,5194073.5,4091.052,1.037037,NK,2019-3-27,1.0,0.7126863,IL15
1.7681056,3162585.0,684.7737,0.345679,NK,2019-3-27,1.0,3.863731,IL15
1.4438038,2285222.8,379.92578,0.115226,NK,2019-3-27,1.0,1.8291535,IL15
1.4074575,2270397.8,368.17383,0.038409,NK,2019-3-27,1.0,1.9295607,IL15
1.8404882,2303925.5,251.62231,0.012803,NK,2019-3-27,1.0,3.8389134,IL15
1.404652,2806751.8,320.9939,0.004268,NK,2019-3-27,1.0,1.4107399,IL15
1.316538,2585813.5,463.4348,0.001423,NK,2019-3-27,1.0,1.712194,IL15
1.4080302,1744899.0,0.0,0.000474,NK,2019-3-27,1.0,2.0853324,IL15
1.0507135,11493511.0,4315.84,84.0,CD8,2019-3-27,1.0,4.231579,IL15
0.7181032,12087996.0,4518.7256,28.0,CD8,2019-3-27,1.0,0.53275037,IL15
0.78806955,13957023.0,4822.2754,9.333333,CD8,2019-3-27,1.0,1.1300364,IL15
0.8304767,14945683.0,4964.626,3.111,CD8,2019-3-27,1.0,1.261795,IL15
1.5928351,7925943.5,2962.2175,1.037037,CD8,2019-3-27,1.0,5.1837854,IL15
6.4017835,653573.6,75.16113,0.345679,CD8,2019-3-27,1.0,139.23305,IL15
4.941022,752764.25,159.15466,0.115226,CD8,2019-3-27,1.0,64.842896,IL15
3.6725965,636205.5,150.45483,0.038409,CD8,2019-3-27,1.0,33.775936,IL15
4.387824,594357.75,0.0,0.012803,CD8,2019-3-27,1.0,61.119286,IL15
1.8230135,481490.38,73.131714,0.004268,CD8,2019-3-27,1.0,10.043923,IL15
5.7039986,901121.0,170.74927,0.001423,CD8,2019-3-27,1.0,67.46905,IL15
3.331893,537347.94,29.72644,0.000474,CD8,2019-3-27,1.0,31.345528,IL15
1.2196281,4470113.5,2508.3318,84.0,NK,2019-4-18,4.0,1.2618289,IL2
1.2176923,4617509.5,2111.3494,28.0,NK,2019-4-18,4.0,1.6797495,IL2
1.0402538,4598386.5,2107.4075,9.333333,NK,2019-4-18,4.0,1.1048331,IL2
1.5459954,4935382.0,1954.0593,3.111,NK,2019-4-18,4.0,2.5834374,IL2
1.6096808,3751730.8,974.80005,1.037037,NK,2019-4-18,4.0,2.740943,IL2
1.4454681,4512897.5,748.07715,0.345679,NK,2019-4-18,4.0,1.5599623,IL2
1.8591498,3113226.2,421.82593,0.115226,NK,2019-4-18,4.0,4.2722707,IL2
1.8815238,1465299.4,0.0,0.038409,NK,2019-4-18,4.0,5.421591,IL2
1.4307847,3451144.0,394.32373,0.012803,NK,2019-4-18,4.0,2.331925,IL2
1.2791862,3971396.8,764.3782,0.004268,NK,2019-4-18,4.0,0.756701,IL2
1.4279617,3643200.8,650.1282,0.001423,NK,2019-4-18,4.0,1.4458718,IL2
1.4620059,2680053.8,293.12817,0.000474,NK,2019-4-18,4.0,2.549652,IL2
6.065352,15305838.0,5089.178,84.0,CD8,2019-4-18,4.0,95.20487,IL2
2.3821318,10441432.0,4348.9233,28.0,CD8,2019-4-18,4.0,17.231792,IL2
1.7572792,7326724.0,3158.372,9.333333,CD8,2019-4-18,4.0,5.1430807,IL2
1.3124269,6346448.0,3024.9385,3.111,CD8,2019-4-18,4.0,2.6037188,IL2
3.8348975,2840192.2,617.2677,1.037037,CD8,2019-4-18,4.0,19.70704,IL2
6.367411,1928635.4,321.93848,0.345679,CD8,2019-4-18,4.0,68.93848,IL2
3.7965965,755676.25,179.89539,0.115226,CD8,2019-4-18,4.0,22.18656,IL2
2.9214206,350941.16,39.47632,0.038409,CD8,2019-4-18,4.0,22.71788,IL2
3.3685834,300729.9,0.0,0.012803,CD8,2019-4-18,4.0,34.678474,IL2
8.588002,412780.25,58.723145,0.004268,CD8,2019-4-18,4.0,167.35802,IL2
2.6609771,322108.16,89.446045,0.001423,CD8,2019-4-18,4.0,19.584345,IL2
10.3932085,2674439.2,170.46948,0.000474,CD8,2019-4-18,4.0,127.0011,IL2
2.6010284,6571372.0,2682.3958,84.0,NK,2019-4-18,2.0,11.94369,IL2
1.2346066,5504061.0,2061.3499,28.0,NK,2019-4-18,2.0,0.8254304,IL2
0.9973753,4368952.5,2082.6125,9.333333,NK,2019-4-18,2.0,1.1529617,IL2
1.059473,4961320.0,1727.4314,3.111,NK,2019-4-18,2.0,1.2669482,IL2
1.3012949,4894044.5,326.4912,1.037037,NK,2019-4-18,2.0,0.7823708,IL2
1.307307,4564071.0,230.58398,0.345679,NK,2019-4-18,2.0,0.84359336,IL2
1.0401565,5746597.0,525.77954,0.115226,NK,2019-4-18,2.0,-0.010072708,IL2
1.0414535,4084051.8,219.93188,0.038409,NK,2019-4-18,2.0,-0.040519,IL2
0.92151827,5576807.0,547.9065,0.012803,NK,2019-4-18,2.0,-0.41787314,IL2
1.3535932,3766616.2,0.0,0.004268,NK,2019-4-18,2.0,1.2456388,IL2
1.1714404,4872033.5,344.04297,0.001423,NK,2019-4-18,2.0,0.24179268,IL2
1.2986994,4588382.5,323.49268,0.000474,NK,2019-4-18,2.0,0.965683,IL2
1.1081331,7652689.0,3838.07,84.0,CD8,2019-4-18,2.0,2.4963965,IL2
4.1152697,9510621.0,3577.737,28.0,CD8,2019-4-18,2.0,38.944374,IL2
9.517146,11537576.0,3618.451,9.333333,CD8,2019-4-18,2.0,158.80286,IL2
6.839161,5259324.0,1732.8582,3.111,CD8,2019-4-18,2.0,91.68839,IL2
4.2036433,1701515.1,388.0287,1.037037,CD8,2019-4-18,2.0,26.088064,IL2
2.3683748,321425.66,42.28235,0.345679,CD8,2019-4-18,2.0,12.868484,IL2
2.4535913,316873.28,18.18103,0.115226,CD8,2019-4-18,2.0,12.73239,IL2
2.3983338,264943.78,58.41272,0.038409,CD8,2019-4-18,2.0,13.560932,IL2
1.4389645,235167.89,0.0,0.012803,CD8,2019-4-18,2.0,6.1096144,IL2
2.0352654,312783.97,6.0686035,0.004268,CD8,2019-4-18,2.0,9.88168,IL2
3.0544558,333275.56,19.621948,0.001423,CD8,2019-4-18,2.0,25.532467,IL2
2.3663216,322393.7,101.17493,0.000474,CD8,2019-4-18,2.0,11.592856,IL2
1.1758112,6035668.5,2718.434,84.0,NK,2019-4-18,1.0,1.1300106,IL2
0.9299883,6288862.5,3013.876,28.0,NK,2019-4-18,1.0,1.145854,IL2
1.0046585,5943261.0,2674.0918,9.333333,NK,2019-4-18,1.0,0.6182568,IL2
0.9922596,6435588.5,2371.912,3.111,NK,2019-4-18,1.0,0.3821435,IL2
1.9312894,5842171.5,535.1924,1.037037,NK,2019-4-18,1.0,4.5571012,IL2
1.661003,3348323.5,87.42554,0.345679,NK,2019-4-18,1.0,1.9573746,IL2
1.2077882,3537814.8,251.65063,0.115226,NK,2019-4-18,1.0,0.44487596,IL2
1.2453147,4083539.2,239.17456,0.038409,NK,2019-4-18,1.0,0.65449166,IL2
1.200615,2877463.0,0.0,0.012803,NK,2019-4-18,1.0,0.24690366,IL2
1.9836065,4160190.8,218.34521,0.004268,NK,2019-4-18,1.0,5.156889,IL2
1.3389972,2865830.5,26.650635,0.001423,NK,2019-4-18,1.0,1.3871651,IL2
0.8216319,4293707.5,569.49365,0.000474,NK,2019-4-18,1.0,-0.56767726,IL2
0.75367266,5503222.5,3440.1543,84.0,CD8,2019-4-18,1.0,0.49108076,IL2
0.84639764,5504638.0,3256.6338,28.0,CD8,2019-4-18,1.0,0.6652951,IL2
1.0326921,5058750.0,2989.603,9.333333,CD8,2019-4-18,1.0,1.4869905,IL2
1.4826037,3060294.0,1591.5667,3.111,CD8,2019-4-18,1.0,3.7062602,IL2
4.1200147,1069350.2,311.37335,1.037037,CD8,2019-4-18,1.0,25.622297,IL2
2.9805348,334854.66,36.76837,0.345679,CD8,2019-4-18,1.0,21.43634,IL2
1.5034459,236416.03,30.253479,0.115226,CD8,2019-4-18,1.0,8.395089,IL2
2.0818624,260537.03,0.0,0.038409,CD8,2019-4-18,1.0,14.390949,IL2
0.8848714,219262.06,10.269775,0.012803,CD8,2019-4-18,1.0,1.9800553,IL2
2.397935,291662.4,34.725525,0.004268,CD8,2019-4-18,1.0,14.409708,IL2
2.3101318,289968.6,74.18231,0.001423,CD8,2019-4-18,1.0,14.321592,IL2
3.6062846,358115.78,42.134827,0.000474,CD8,2019-4-18,1.0,26.814148,IL2
0.57398236,3478248.5,2923.2646,84.0,NK,2019-4-18,0.5,-0.08793688,IL2
1.0000055,5977033.0,3139.4053,28.0,NK,2019-4-18,0.5,0.27795696,IL2
1.106362,5713947.0,3141.0835,9.333333,NK,2019-4-18,0.5,1.4147539,IL2
0.7997595,5804263.0,3017.1191,3.111,NK,2019-4-18,0.5,-0.15828228,IL2
1.0139617,4870891.5,984.35547,1.037037,NK,2019-4-18,0.5,0.28761554,IL2
1.4232937,4961823.5,604.626,0.345679,NK,2019-4-18,0.5,0.8691094,IL2
1.3464577,1883191.0,0.0,0.115226,NK,2019-4-18,0.5,1.2063384,IL2
1.2655113,3370343.8,562.5288,0.038409,NK,2019-4-18,0.5,0.67278075,IL2
1.1345944,2825986.8,653.75586,0.012803,NK,2019-4-18,0.5,0.6864965,IL2
0.8570704,4072873.8,1113.418,0.004268,NK,2019-4-18,0.5,0.011864901,IL2
0.83741647,1714669.9,360.4148,0.001423,NK,2019-4-18,0.5,-0.21907401,IL2
0.9044334,4187212.8,1026.4795,0.000474,NK,2019-4-18,0.5,-0.11081624,IL2
0.8546692,6968072.5,4668.813,84.0,CD8,2019-4-18,0.5,1.2853699,IL2
0.74475205,8080258.5,5493.7285,28.0,CD8,2019-4-18,0.5,1.0490541,IL2
0.76384217,6621864.0,4536.9023,9.333333,CD8,2019-4-18,0.5,0.6515455,IL2
4.4832263,9820997.0,2865.1997,3.111,CD8,2019-4-18,0.5,47.24294,IL2
5.7625284,599051.1,223.99225,1.037037,CD8,2019-4-18,0.5,60.46537,IL2
2.1258383,252106.67,0.0,0.345679,CD8,2019-4-18,0.5,11.5482,IL2
0.9127145,206215.22,87.98236,0.115226,CD8,2019-4-18,0.5,2.7972674,IL2
3.200005,297184.16,125.3418,0.038409,CD8,2019-4-18,0.5,30.680866,IL2
6.1421733,520768.12,176.25531,0.012803,CD8,2019-4-18,0.5,67.06068,IL2
4.985558,413205.03,176.53937,0.004268,CD8,2019-4-18,0.5,46.37888,IL2
2.4683058,361750.97,116.94702,0.001423,CD8,2019-4-18,0.5,11.342278,IL2
1.3720102,222539.78,93.51477,0.000474,CD8,2019-4-18,0.5,4.0229473,IL2
1.2175732,5332826.5,2327.6375,84.0,NK,2019-4-18,4.0,1.2528586,IL15
1.4084183,7324199.0,2408.0125,28.0,NK,2019-4-18,4.0,1.6093988,IL15
1.1967582,7767452.5,3384.014,9.333333,NK,2019-4-18,4.0,1.8181381,IL15
0.8922688,8763439.0,2530.7815,3.111,NK,2019-4-18,4.0,0.025231123,IL15
1.193219,4508512.0,2359.1125,1.037037,NK,2019-4-18,4.0,1.328681,IL15
0.9736669,5692575.0,1646.9597,0.345679,NK,2019-4-18,4.0,-0.0055041313,IL15
1.5144199,5935202.5,1200.5203,0.115226,NK,2019-4-18,4.0,2.3372073,IL15
0.63394046,3963316.5,949.72046,0.038409,NK,2019-4-18,4.0,-0.8899381,IL15
0.7277984,4262204.5,743.0261,0.012803,NK,2019-4-18,4.0,-0.7282181,IL15
1.1152782,2617343.2,128.56177,0.004268,NK,2019-4-18,4.0,1.3419261,IL15
1.1334894,2338168.0,0.0,0.001423,NK,2019-4-18,4.0,0.52005196,IL15
0.7984505,2677022.5,466.84058,0.000474,NK,2019-4-18,4.0,-0.246243,IL15
0.8640875,8057578.5,4379.083,84.0,CD8,2019-4-18,4.0,1.9815984,IL15
0.92788124,8098283.0,4476.9985,28.0,CD8,2019-4-18,4.0,2.4260206,IL15
0.79325116,10706015.0,5317.2695,9.333333,CD8,2019-4-18,4.0,1.0577769,IL15
0.852051,7883941.0,4534.355,3.111,CD8,2019-4-18,4.0,1.4532938,IL15
2.0272474,4970178.0,2681.2002,1.037037,CD8,2019-4-18,4.0,8.947042,IL15
2.4164,1789643.0,938.35175,0.345679,CD8,2019-4-18,4.0,8.774416,IL15
4.186636,558614.9,270.4168,0.115226,CD8,2019-4-18,4.0,32.045326,IL15
2.6927674,354814.22,71.08783,0.038409,CD8,2019-4-18,4.0,18.626982,IL15
2.8668504,265867.3,23.834778,0.012803,CD8,2019-4-18,4.0,21.025238,IL15
2.4962363,345211.9,101.980896,0.004268,CD8,2019-4-18,4.0,14.005297,IL15
1.467295,256656.42,0.0,0.001423,CD8,2019-4-18,4.0,7.204569,IL15
4.6096525,960440.75,224.65717,0.000474,CD8,2019-4-18,4.0,28.17463,IL15
1.1710143,4992784.5,3208.1357,84.0,NK,2019-4-18,2.0,1.6229467,IL15
1.2188003,8961885.0,3358.4521,28.0,NK,2019-4-18,2.0,0.9495852,IL15
0.7230101,4730336.0,2729.7593,9.333333,NK,2019-4-18,2.0,-0.39854217,IL15
1.2577089,4169189.8,2470.42,3.111,NK,2019-4-18,2.0,2.7422686,IL15
1.2899231,3922533.2,989.9414,1.037037,NK,2019-4-18,2.0,1.1339536,IL15
2.1002297,1917841.4,0.0,0.345679,NK,2019-4-18,2.0,5.9779787,IL15
1.5220536,4451359.0,768.6096,0.115226,NK,2019-4-18,2.0,2.346438,IL15
1.6639442,3011516.0,515.04395,0.038409,NK,2019-4-18,2.0,3.3007789,IL15
1.5227525,4081372.5,712.69165,0.012803,NK,2019-4-18,2.0,1.273932,IL15
4.9134755,17612798.0,1188.5039,0.004268,NK,2019-4-18,2.0,27.43889,IL15
1.2555053,2809651.2,374.12964,0.001423,NK,2019-4-18,2.0,0.68013644,IL15
1.1259221,3659893.2,930.5305,0.000474,NK,2019-4-18,2.0,-0.024190187,IL15
1.0591741,6661693.0,3715.497,84.0,CD8,2019-4-18,2.0,2.6296034,IL15
1.556292,7805950.0,3161.2383,28.0,CD8,2019-4-18,2.0,5.068568,IL15
1.8473265,6513265.5,3225.6885,9.333333,CD8,2019-4-18,2.0,8.921382,IL15
1.1029234,5718799.5,3165.7036,3.111,CD8,2019-4-18,2.0,2.3270187,IL15
1.4843824,350806.16,100.8385,1.037037,CD8,2019-4-18,2.0,4.285191,IL15
2.4036152,313359.3,23.664917,0.345679,CD8,2019-4-18,2.0,15.828285,IL15
4.562209,443967.62,5.0012207,0.115226,CD8,2019-4-18,2.0,43.053406,IL15
0.94610125,227322.08,18.272095,0.038409,CD8,2019-4-18,2.0,3.995596,IL15
3.59158,300050.03,61.523804,0.012803,CD8,2019-4-18,2.0,29.783531,IL15
6.6959085,446199.53,0.0,0.004268,CD8,2019-4-18,2.0,84.173805,IL15
16.796862,2696744.0,23.725708,0.001423,CD8,2019-4-18,2.0,305.9096,IL15
0.5603108,214307.81,54.776978,0.000474,CD8,2019-4-18,2.0,1.4083638,IL15
1.0416238,6424012.5,3343.596,84.0,NK,2019-4-18,1.0,0.50882626,IL15
1.1271967,10751312.0,3429.9177,28.0,NK,2019-4-18,1.0,0.8783057,IL15
1.0312018,8024167.5,2931.2424,9.333333,NK,2019-4-18,1.0,0.15313101,IL15
0.74867,4841681.0,2494.6833,3.111,NK,2019-4-18,1.0,-0.42226696,IL15
1.1312321,3529470.8,499.17065,1.037037,NK,2019-4-18,1.0,0.42615366,IL15
0.8608761,3816093.5,229.97583,0.345679,NK,2019-4-18,1.0,-0.3003099,IL15
0.91040677,4264339.0,317.25,0.115226,NK,2019-4-18,1.0,-0.088410854,IL15
1.5852821,3322833.0,0.0,0.038409,NK,2019-4-18,1.0,2.1196132,IL15
0.9960334,4040369.5,503.531,0.012803,NK,2019-4-18,1.0,0.25413227,IL15
0.74115604,3035859.0,657.64233,0.004268,NK,2019-4-18,1.0,-0.48056388,IL15
1.331299,3775945.8,206.87329,0.001423,NK,2019-4-18,1.0,0.76720405,IL15
0.9436184,5931507.5,876.9763,0.000474,NK,2019-4-18,1.0,-0.029091358,IL15
0.83899677,5455090.0,3510.2034,84.0,CD8,2019-4-18,1.0,0.81120706,IL15
0.75348204,6500572.5,4025.508,28.0,CD8,2019-4-18,1.0,0.8459437,IL15
0.9957847,5607041.0,2863.082,9.333333,CD8,2019-4-18,1.0,0.9824228,IL15
0.9265429,4616127.0,3556.3167,3.111,CD8,2019-4-18,1.0,1.6679044,IL15
2.0351171,568826.94,328.711,1.037037,CD8,2019-4-18,1.0,8.289106,IL15
1.7645247,363484.3,143.92108,0.345679,CD8,2019-4-18,1.0,4.8956184,IL15
1.0552163,216089.97,100.33258,0.115226,CD8,2019-4-18,1.0,1.9691916,IL15
4.206823,380006.2,140.6867,0.038409,CD8,2019-4-18,1.0,36.612484,IL15
2.4829247,310717.8,135.07965,0.012803,CD8,2019-4-18,1.0,15.05722,IL15
7.6032963,527181.5,79.04462,0.004268,CD8,2019-4-18,1.0,91.41567,IL15
0.40983066,201642.14,0.0,0.001423,CD8,2019-4-18,1.0,0.13605738,IL15
3.3415616,377232.56,116.01532,0.000474,CD8,2019-4-18,1.0,20.867992,IL15
0.7428866,8743771.0,3920.98,84.0,NK,2019-4-18,0.5,-0.45240092,IL15
1.2819268,5706062.5,2999.437,28.0,NK,2019-4-18,0.5,2.4446163,IL15
1.5716121,5868376.5,2854.5347,9.333333,NK,2019-4-18,0.5,2.4990668,IL15
1.0495698,6970034.5,4074.8706,3.111,NK,2019-4-18,0.5,1.230494,IL15
0.92923796,4097149.5,1014.69385,1.037037,NK,2019-4-18,0.5,-0.38820267,IL15
0.6297656,2099390.5,0.0,0.345679,NK,2019-4-18,0.5,-0.44183993,IL15
1.0736785,3553211.0,223.9165,0.115226,NK,2019-4-18,0.5,0.35970044,IL15
1.2324598,5224301.5,339.22632,0.038409,NK,2019-4-18,0.5,0.615896,IL15
0.78847504,5378341.0,662.7549,0.012803,NK,2019-4-18,0.5,-0.8300967,IL15
1.0095605,2968402.0,163.69287,0.004268,NK,2019-4-18,0.5,0.12857985,IL15
1.0996262,3851660.8,334.5415,0.001423,NK,2019-4-18,0.5,0.05563283,IL15
1.4025859,3792334.2,570.5581,0.000474,NK,2019-4-18,0.5,0.93848133,IL15
2.2269032,11620314.0,6549.766,84.0,CD8,2019-4-18,0.5,13.921307,IL15
1.6957176,9458199.0,5410.3755,28.0,CD8,2019-4-18,0.5,8.163208,IL15
0.3593295,7372190.0,5742.6655,9.333333,CD8,2019-4-18,0.5,0.02382207,IL15
0.3714797,7788134.5,5622.5293,3.111,CD8,2019-4-18,0.5,-0.15382934,IL15
1.2704335,1200778.0,896.1451,1.037037,CD8,2019-4-18,0.5,1.7272434,IL15
5.518066,422856.84,0.0,0.345679,CD8,2019-4-18,0.5,53.283443,IL15
2.1790931,323408.97,177.69257,0.115226,CD8,2019-4-18,0.5,11.502306,IL15
4.565998,374593.62,172.29633,0.038409,CD8,2019-4-18,0.5,43.639175,IL15
1.2860008,228246.78,93.28204,0.012803,CD8,2019-4-18,0.5,6.4872427,IL15
2.2349164,364670.06,162.22882,0.004268,CD8,2019-4-18,0.5,12.014946,IL15
1.00364,228968.42,101.61163,0.001423,CD8,2019-4-18,0.5,2.3432903,IL15
2.1966171,267387.28,184.27081,0.000474,CD8,2019-4-18,0.5,13.831696,IL15
