Dose,Ligand,Skew,Date,Variance,Mean,Kurtosis,alphStatCov,Cell,Time
84.0,WT N-term,0,3/1/2019,0,2256.8712769000003,0,0,NK,0.5
28.0,WT N-term,0,3/1/2019,0,1961.7255248999998,0,0,NK,0.5
9.333333,WT N-term,0,3/1/2019,0,395.4417109,0,0,NK,0.5
3.111,WT N-term,0,3/1/2019,0,353.6280517,0,0,NK,0.5
1.037037,WT N-term,0,3/1/2019,0,231.60797119999984,0,0,NK,0.5
0.345679,WT N-term,0,3/1/2019,0,277.4361571999997,0,0,NK,0.5
0.115226,WT N-term,0,3/1/2019,0,228.98803710000016,0,0,NK,0.5
0.038409,WT N-term,0,3/1/2019,0,110.78588860000002,0,0,NK,0.5
0.012803,WT N-term,0,3/1/2019,0,0.0,0,0,NK,0.5
0.004268,WT N-term,0,3/1/2019,0,66.72808829999985,0,0,NK,0.5
0.001423,WT N-term,0,3/1/2019,0,73.17657469999995,0,0,NK,0.5
0.000474,WT N-term,0,3/1/2019,0,85.19708249999996,0,0,NK,0.5
84.0,WT N-term,0,3/1/2019,0,2566.1936035999997,0,0,NK,1.0
28.0,WT N-term,0,3/1/2019,0,1750.7624515999996,0,0,NK,1.0
9.333333,WT N-term,0,3/1/2019,0,297.98254399999996,0,0,NK,1.0
3.111,WT N-term,0,3/1/2019,0,255.70422369999994,0,0,NK,1.0
1.037037,WT N-term,0,3/1/2019,0,227.1490478999999,0,0,NK,1.0
0.345679,WT N-term,0,3/1/2019,0,188.19165039999996,0,0,NK,1.0
0.115226,WT N-term,0,3/1/2019,0,152.26159669999993,0,0,NK,1.0
0.038409,WT N-term,0,3/1/2019,0,67.35107430000005,0,0,NK,1.0
0.012803,WT N-term,0,3/1/2019,0,136.89117439999984,0,0,NK,1.0
0.004268,WT N-term,0,3/1/2019,0,111.8941650999999,0,0,NK,1.0
0.001423,WT N-term,0,3/1/2019,0,81.06982430000005,0,0,NK,1.0
0.000474,WT N-term,0,3/1/2019,0,0.0,0,0,NK,1.0
84.0,WT N-term,0,3/1/2019,0,1980.2075199,0,0,NK,2.0
28.0,WT N-term,0,3/1/2019,0,1569.772704900001,0,0,NK,2.0
9.333333,WT N-term,0,3/1/2019,0,435.64318890000015,0,0,NK,2.0
3.111,WT N-term,0,3/1/2019,0,148.7424926000001,0,0,NK,2.0
1.037037,WT N-term,0,3/1/2019,0,153.91876219999995,0,0,NK,2.0
0.345679,WT N-term,0,3/1/2019,0,139.95001219999995,0,0,NK,2.0
0.115226,WT N-term,0,3/1/2019,0,68.08618160000026,0,0,NK,2.0
0.038409,WT N-term,0,3/1/2019,0,28.745239200000015,0,0,NK,2.0
0.012803,WT N-term,0,3/1/2019,0,37.47412110000016,0,0,NK,2.0
0.004268,WT N-term,0,3/1/2019,0,24.961120600000072,0,0,NK,2.0
0.001423,WT N-term,0,3/1/2019,0,0.0,0,0,NK,2.0
0.000474,WT N-term,0,3/1/2019,0,30.096191400000066,0,0,NK,2.0
84.0,WT N-term,0,3/1/2019,0,1738.6640622,0,0,NK,4.0
28.0,WT N-term,0,3/1/2019,0,1393.2590332000004,0,0,NK,4.0
9.333333,WT N-term,0,3/1/2019,0,1060.7065432000004,0,0,NK,4.0
3.111,WT N-term,0,3/1/2019,0,708.7536622000006,0,0,NK,4.0
1.037037,WT N-term,0,3/1/2019,0,341.1744382000003,0,0,NK,4.0
0.345679,WT N-term,0,3/1/2019,0,283.9448242000002,0,0,NK,4.0
0.115226,WT N-term,0,3/1/2019,0,214.96801760000017,0,0,NK,4.0
0.038409,WT N-term,0,3/1/2019,0,150.9873047000002,0,0,NK,4.0
0.012803,WT N-term,0,3/1/2019,0,129.02050780000047,0,0,NK,4.0
0.004268,WT N-term,0,3/1/2019,0,72.89038080000023,0,0,NK,4.0
0.001423,WT N-term,0,3/1/2019,0,0.0,0,0,NK,4.0
0.000474,WT N-term,0,3/1/2019,0,46.8270263000004,0,0,NK,4.0
84.0,WT N-term,0,3/1/2019,0,3555.6658938,0,0,CD8,0.5
28.0,WT N-term,0,3/1/2019,0,2009.3370357999997,0,0,CD8,0.5
9.333333,WT N-term,0,3/1/2019,0,172.36743159999992,0,0,CD8,0.5
3.111,WT N-term,0,3/1/2019,0,136.18609619999995,0,0,CD8,0.5
1.037037,WT N-term,0,3/1/2019,0,145.01025390000007,0,0,CD8,0.5
0.345679,WT N-term,0,3/1/2019,0,64.59704590000001,0,0,CD8,0.5
0.115226,WT N-term,0,3/1/2019,0,127.76696779999997,0,0,CD8,0.5
0.038409,WT N-term,0,3/1/2019,0,72.43316649999997,0,0,CD8,0.5
0.012803,WT N-term,0,3/1/2019,0,0.0,0,0,CD8,0.5
0.004268,WT N-term,0,3/1/2019,0,19.80090329999996,0,0,CD8,0.5
0.001423,WT N-term,0,3/1/2019,0,19.26574709999977,0,0,CD8,0.5
0.000474,WT N-term,0,3/1/2019,0,8.932617199999981,0,0,CD8,0.5
84.0,WT N-term,0,3/1/2019,0,3353.2607424000003,0,0,CD8,1.0
28.0,WT N-term,0,3/1/2019,0,1868.0478514000001,0,0,CD8,1.0
9.333333,WT N-term,0,3/1/2019,0,227.4720459,0,0,CD8,1.0
3.111,WT N-term,0,3/1/2019,0,149.18695060000005,0,0,CD8,1.0
1.037037,WT N-term,0,3/1/2019,0,130.15869140000007,0,0,CD8,1.0
0.345679,WT N-term,0,3/1/2019,0,110.17828370000007,0,0,CD8,1.0
0.115226,WT N-term,0,3/1/2019,0,39.0936279,0,0,CD8,1.0
0.038409,WT N-term,0,3/1/2019,0,49.58142090000001,0,0,CD8,1.0
0.012803,WT N-term,0,3/1/2019,0,58.59375,0,0,CD8,1.0
0.004268,WT N-term,0,3/1/2019,0,58.085571299999856,0,0,CD8,1.0
0.001423,WT N-term,0,3/1/2019,0,35.37957760000006,0,0,CD8,1.0
0.000474,WT N-term,0,3/1/2019,0,0.0,0,0,CD8,1.0
84.0,WT N-term,0,3/1/2019,0,2627.3713994,0,0,CD8,2.0
28.0,WT N-term,0,3/1/2019,0,1463.9795534,0,0,CD8,2.0
9.333333,WT N-term,0,3/1/2019,0,221.97747809999987,0,0,CD8,2.0
3.111,WT N-term,0,3/1/2019,0,130.4063110999998,0,0,CD8,2.0
1.037037,WT N-term,0,3/1/2019,0,111.07312019999983,0,0,CD8,2.0
0.345679,WT N-term,0,3/1/2019,0,81.12847899999986,0,0,CD8,2.0
0.115226,WT N-term,0,3/1/2019,0,67.01983649999977,0,0,CD8,2.0
0.038409,WT N-term,0,3/1/2019,0,32.179138199999784,0,0,CD8,2.0
0.012803,WT N-term,0,3/1/2019,0,40.16625979999981,0,0,CD8,2.0
0.004268,WT N-term,0,3/1/2019,0,24.14154059999987,0,0,CD8,2.0
0.001423,WT N-term,0,3/1/2019,0,20.47949219999964,0,0,CD8,2.0
0.000474,WT N-term,0,3/1/2019,0,0.0,0,0,CD8,2.0
84.0,WT N-term,0,3/1/2019,0,2813.7293093,0,0,CD8,4.0
28.0,WT N-term,0,3/1/2019,0,1704.0598753,0,0,CD8,4.0
9.333333,WT N-term,0,3/1/2019,0,917.5889282999998,0,0,CD8,4.0
3.111,WT N-term,0,3/1/2019,0,371.3203732999999,0,0,CD8,4.0
1.037037,WT N-term,0,3/1/2019,0,202.87042229999997,0,0,CD8,4.0
0.345679,WT N-term,0,3/1/2019,0,169.37835689999997,0,0,CD8,4.0
0.115226,WT N-term,0,3/1/2019,0,131.40905759999998,0,0,CD8,4.0
0.038409,WT N-term,0,3/1/2019,0,76.5554808999998,0,0,CD8,4.0
0.012803,WT N-term,0,3/1/2019,0,49.92828369999995,0,0,CD8,4.0
0.004268,WT N-term,0,3/1/2019,0,17.791931099999942,0,0,CD8,4.0
0.001423,WT N-term,0,3/1/2019,0,30.240173300000038,0,0,CD8,4.0
0.000474,WT N-term,0,3/1/2019,0,0.0,0,0,CD8,4.0
84.0,WT N-term,0,3/1/2019,0,31531.317140999996,0,0,Treg,0.5
28.0,WT N-term,0,3/1/2019,0,36560.160891,0,0,Treg,0.5
9.333333,WT N-term,0,3/1/2019,0,31870.278081,0,0,Treg,0.5
3.111,WT N-term,0,3/1/2019,0,33333.395261000005,0,0,Treg,0.5
1.037037,WT N-term,0,3/1/2019,0,22496.123781,0,0,Treg,0.5
0.345679,WT N-term,0,3/1/2019,0,29720.303471,0,0,Treg,0.5
0.115226,WT N-term,0,3/1/2019,0,8332.024171000001,0,0,Treg,0.5
0.038409,WT N-term,0,3/1/2019,0,6504.895264000001,0,0,Treg,0.5
0.012803,WT N-term,0,3/1/2019,0,395.9399410000001,0,0,Treg,0.5
0.004268,WT N-term,0,3/1/2019,0,410.6499020000001,0,0,Treg,0.5
0.001423,WT N-term,0,3/1/2019,0,0.0,0,0,Treg,0.5
0.000474,WT N-term,0,3/1/2019,0,299.5341800000001,0,0,Treg,0.5
84.0,WT N-term,0,3/1/2019,0,35543.89478,0,0,Treg,1.0
28.0,WT N-term,0,3/1/2019,0,35938.76587,0,0,Treg,1.0
9.333333,WT N-term,0,3/1/2019,0,34855.01978,0,0,Treg,1.0
3.111,WT N-term,0,3/1/2019,0,35262.60962,0,0,Treg,1.0
1.037037,WT N-term,0,3/1/2019,0,26611.53345,0,0,Treg,1.0
0.345679,WT N-term,0,3/1/2019,0,28779.01392,0,0,Treg,1.0
0.115226,WT N-term,0,3/1/2019,0,6802.1037590000005,0,0,Treg,1.0
0.038409,WT N-term,0,3/1/2019,0,2228.004882,0,0,Treg,1.0
0.012803,WT N-term,0,3/1/2019,0,1756.8024899999998,0,0,Treg,1.0
0.004268,WT N-term,0,3/1/2019,0,288.1765130000001,0,0,Treg,1.0
0.001423,WT N-term,0,3/1/2019,0,404.5407710000002,0,0,Treg,1.0
0.000474,WT N-term,0,3/1/2019,0,0.0,0,0,Treg,1.0
84.0,WT N-term,0,3/1/2019,0,30049.047359999997,0,0,Treg,2.0
28.0,WT N-term,0,3/1/2019,0,33676.625490000006,0,0,Treg,2.0
9.333333,WT N-term,0,3/1/2019,0,30090.15088,0,0,Treg,2.0
3.111,WT N-term,0,3/1/2019,0,33746.844240000006,0,0,Treg,2.0
1.037037,WT N-term,0,3/1/2019,0,24674.21143,0,0,Treg,2.0
0.345679,WT N-term,0,3/1/2019,0,25976.80322,0,0,Treg,2.0
0.115226,WT N-term,0,3/1/2019,0,15153.768069999998,0,0,Treg,2.0
0.038409,WT N-term,0,3/1/2019,0,3498.8686529999995,0,0,Treg,2.0
0.012803,WT N-term,0,3/1/2019,0,467.02270599999974,0,0,Treg,2.0
0.004268,WT N-term,0,3/1/2019,0,865.4833989999997,0,0,Treg,2.0
0.001423,WT N-term,0,3/1/2019,0,573.0986330000001,0,0,Treg,2.0
0.000474,WT N-term,0,3/1/2019,0,0.0,0,0,Treg,2.0
84.0,WT N-term,0,3/1/2019,0,32382.451536999997,0,0,Treg,4.0
28.0,WT N-term,0,3/1/2019,0,31662.705446999997,0,0,Treg,4.0
9.333333,WT N-term,0,3/1/2019,0,29730.908567000006,0,0,Treg,4.0
3.111,WT N-term,0,3/1/2019,0,30519.629277,0,0,Treg,4.0
1.037037,WT N-term,0,3/1/2019,0,28243.717167000003,0,0,Treg,4.0
0.345679,WT N-term,0,3/1/2019,0,28512.412476999998,0,0,Treg,4.0
0.115226,WT N-term,0,3/1/2019,0,24165.246457,0,0,Treg,4.0
0.038409,WT N-term,0,3/1/2019,0,25206.355837,0,0,Treg,4.0
0.012803,WT N-term,0,3/1/2019,0,14860.334347,0,0,Treg,4.0
0.004268,WT N-term,0,3/1/2019,0,6767.594116000001,0,0,Treg,4.0
0.001423,WT N-term,0,3/1/2019,0,1382.235962,0,0,Treg,4.0
0.000474,WT N-term,0,3/1/2019,0,0.0,0,0,Treg,4.0
84.0,WT N-term,0,3/1/2019,0,11051.317138,0,0,Thelper,0.5
28.0,WT N-term,0,3/1/2019,0,11286.819088,0,0,Thelper,0.5
9.333333,WT N-term,0,3/1/2019,0,2996.531982000001,0,0,Thelper,0.5
3.111,WT N-term,0,3/1/2019,0,1815.9914550000003,0,0,Thelper,0.5
1.037037,WT N-term,0,3/1/2019,0,428.88867200000004,0,0,Thelper,0.5
0.345679,WT N-term,0,3/1/2019,0,651.4516600000002,0,0,Thelper,0.5
0.115226,WT N-term,0,3/1/2019,0,5.027466000000004,0,0,Thelper,0.5
0.038409,WT N-term,0,3/1/2019,0,87.91357400000015,0,0,Thelper,0.5
0.012803,WT N-term,0,3/1/2019,0,133.223389,0,0,Thelper,0.5
0.004268,WT N-term,0,3/1/2019,0,156.0451660000001,0,0,Thelper,0.5
0.001423,WT N-term,0,3/1/2019,0,90.07653800000003,0,0,Thelper,0.5
0.000474,WT N-term,0,3/1/2019,0,0.0,0,0,Thelper,0.5
84.0,WT N-term,0,3/1/2019,0,6494.997925000001,0,0,Thelper,1.0
28.0,WT N-term,0,3/1/2019,0,4638.240112,0,0,Thelper,1.0
9.333333,WT N-term,0,3/1/2019,0,2536.039184,0,0,Thelper,1.0
3.111,WT N-term,0,3/1/2019,0,2205.4432370000004,0,0,Thelper,1.0
1.037037,WT N-term,0,3/1/2019,0,1009.5943599999998,0,0,Thelper,1.0
0.345679,WT N-term,0,3/1/2019,0,567.748535,0,0,Thelper,1.0
0.115226,WT N-term,0,3/1/2019,0,108.29626499999995,0,0,Thelper,1.0
0.038409,WT N-term,0,3/1/2019,0,182.63476600000013,0,0,Thelper,1.0
0.012803,WT N-term,0,3/1/2019,0,121.58093299999996,0,0,Thelper,1.0
0.004268,WT N-term,0,3/1/2019,0,8.057373000000098,0,0,Thelper,1.0
0.001423,WT N-term,0,3/1/2019,0,119.90002400000003,0,0,Thelper,1.0
0.000474,WT N-term,0,3/1/2019,0,0.0,0,0,Thelper,1.0
84.0,WT N-term,0,3/1/2019,0,2627.2070319999993,0,0,Thelper,2.0
28.0,WT N-term,0,3/1/2019,0,2409.159912,0,0,Thelper,2.0
9.333333,WT N-term,0,3/1/2019,0,1342.482178,0,0,Thelper,2.0
3.111,WT N-term,0,3/1/2019,0,1586.752198,0,0,Thelper,2.0
1.037037,WT N-term,0,3/1/2019,0,786.0463870000001,0,0,Thelper,2.0
0.345679,WT N-term,0,3/1/2019,0,427.37109399999986,0,0,Thelper,2.0
0.115226,WT N-term,0,3/1/2019,0,0.0,0,0,Thelper,2.0
0.038409,WT N-term,0,3/1/2019,0,134.60498099999995,0,0,Thelper,2.0
0.012803,WT N-term,0,3/1/2019,0,59.260986999999886,0,0,Thelper,2.0
0.004268,WT N-term,0,3/1/2019,0,36.29003899999998,0,0,Thelper,2.0
0.001423,WT N-term,0,3/1/2019,0,70.19897499999979,0,0,Thelper,2.0
0.000474,WT N-term,0,3/1/2019,0,50.71093799999994,0,0,Thelper,2.0
84.0,WT N-term,0,3/1/2019,0,7083.772217000001,0,0,Thelper,4.0
28.0,WT N-term,0,3/1/2019,0,4241.525146999999,0,0,Thelper,4.0
9.333333,WT N-term,0,3/1/2019,0,2821.668702,0,0,Thelper,4.0
3.111,WT N-term,0,3/1/2019,0,2050.9626470000003,0,0,Thelper,4.0
1.037037,WT N-term,0,3/1/2019,0,1382.6330569999998,0,0,Thelper,4.0
0.345679,WT N-term,0,3/1/2019,0,1629.426514,0,0,Thelper,4.0
0.115226,WT N-term,0,3/1/2019,0,1220.9492189999999,0,0,Thelper,4.0
0.038409,WT N-term,0,3/1/2019,0,805.4172369999999,0,0,Thelper,4.0
0.012803,WT N-term,0,3/1/2019,0,459.297364,0,0,Thelper,4.0
0.004268,WT N-term,0,3/1/2019,0,271.43652399999996,0,0,Thelper,4.0
0.001423,WT N-term,0,3/1/2019,0,0.0,0,0,Thelper,4.0
0.000474,WT N-term,0,3/1/2019,0,1.9516600000004019,0,0,Thelper,4.0
84.0,WT C-term,0,3/1/2019,0,1232.52597,0,0,NK,0.5
28.0,WT C-term,0,3/1/2019,0,1080.895111,0,0,NK,0.5
9.333333,WT C-term,0,3/1/2019,0,241.8005676000002,0,0,NK,0.5
3.111,WT C-term,0,3/1/2019,0,104.99972529999997,0,0,NK,0.5
1.037037,WT C-term,0,3/1/2019,0,150.5176086000002,0,0,NK,0.5
0.345679,WT C-term,0,3/1/2019,0,161.09414670000007,0,0,NK,0.5
0.115226,WT C-term,0,3/1/2019,0,89.46731570000003,0,0,NK,0.5
0.038409,WT C-term,0,3/1/2019,0,69.00228880000003,0,0,NK,0.5
0.012803,WT C-term,0,3/1/2019,0,100.48080440000007,0,0,NK,0.5
0.004268,WT C-term,0,3/1/2019,0,64.19931029999981,0,0,NK,0.5
0.001423,WT C-term,0,3/1/2019,0,98.4207457999999,0,0,NK,0.5
0.000474,WT C-term,0,3/1/2019,0,0.0,0,0,NK,0.5
84.0,WT C-term,0,3/1/2019,0,1174.0887455000002,0,0,NK,1.0
28.0,WT C-term,0,3/1/2019,0,703.5954585000001,0,0,NK,1.0
9.333333,WT C-term,0,3/1/2019,0,231.10919189999993,0,0,NK,1.0
3.111,WT C-term,0,3/1/2019,0,0.0,0,0,NK,1.0
1.037037,WT C-term,0,3/1/2019,0,149.0364379,0,0,NK,1.0
0.345679,WT C-term,0,3/1/2019,0,124.24029540000004,0,0,NK,1.0
0.115226,WT C-term,0,3/1/2019,0,0.474487300000078,0,0,NK,1.0
0.038409,WT C-term,0,3/1/2019,0,77.05773920000024,0,0,NK,1.0
0.012803,WT C-term,0,3/1/2019,0,62.35192870000003,0,0,NK,1.0
0.004268,WT C-term,0,3/1/2019,0,109.85546870000007,0,0,NK,1.0
0.001423,WT C-term,0,3/1/2019,0,165.20404050000002,0,0,NK,1.0
0.000474,WT C-term,0,3/1/2019,0,70.33905029999994,0,0,NK,1.0
84.0,WT C-term,0,3/1/2019,0,1134.1149905000002,0,0,NK,2.0
28.0,WT C-term,0,3/1/2019,0,1038.5959475000002,0,0,NK,2.0
9.333333,WT C-term,0,3/1/2019,0,393.99829050000005,0,0,NK,2.0
3.111,WT C-term,0,3/1/2019,0,277.08789060000015,0,0,NK,2.0
1.037037,WT C-term,0,3/1/2019,0,197.17993160000015,0,0,NK,2.0
0.345679,WT C-term,0,3/1/2019,0,198.22399900000005,0,0,NK,2.0
0.115226,WT C-term,0,3/1/2019,0,74.38110350000011,0,0,NK,2.0
0.038409,WT C-term,0,3/1/2019,0,0.0,0,0,NK,2.0
0.012803,WT C-term,0,3/1/2019,0,96.52856440000005,0,0,NK,2.0
0.004268,WT C-term,0,3/1/2019,0,97.00231930000007,0,0,NK,2.0
0.001423,WT C-term,0,3/1/2019,0,88.51861570000028,0,0,NK,2.0
0.000474,WT C-term,0,3/1/2019,0,31.744384700000296,0,0,NK,2.0
84.0,WT C-term,0,3/1/2019,0,1147.8536377000005,0,0,NK,4.0
28.0,WT C-term,0,3/1/2019,0,1233.3557127000004,0,0,NK,4.0
9.333333,WT C-term,0,3/1/2019,0,1144.7142337,0,0,NK,4.0
3.111,WT C-term,0,3/1/2019,0,865.5142827000003,0,0,NK,4.0
1.037037,WT C-term,0,3/1/2019,0,309.61193850000006,0,0,NK,4.0
0.345679,WT C-term,0,3/1/2019,0,232.9035644000004,0,0,NK,4.0
0.115226,WT C-term,0,3/1/2019,0,263.6362305,0,0,NK,4.0
0.038409,WT C-term,0,3/1/2019,0,123.18469240000024,0,0,NK,4.0
0.012803,WT C-term,0,3/1/2019,0,0.0,0,0,NK,4.0
0.004268,WT C-term,0,3/1/2019,0,147.25311280000017,0,0,NK,4.0
0.001423,WT C-term,0,3/1/2019,0,146.62127680000037,0,0,NK,4.0
0.000474,WT C-term,0,3/1/2019,0,115.43676760000017,0,0,NK,4.0
84.0,WT C-term,0,3/1/2019,0,1734.4746097,0,0,CD8,0.5
28.0,WT C-term,0,3/1/2019,0,1039.6357426999996,0,0,CD8,0.5
9.333333,WT C-term,0,3/1/2019,0,172.47082520000004,0,0,CD8,0.5
3.111,WT C-term,0,3/1/2019,0,80.93878180000002,0,0,CD8,0.5
1.037037,WT C-term,0,3/1/2019,0,71.25531009999997,0,0,CD8,0.5
0.345679,WT C-term,0,3/1/2019,0,45.763488800000005,0,0,CD8,0.5
0.115226,WT C-term,0,3/1/2019,0,0.0,0,0,CD8,0.5
0.038409,WT C-term,0,3/1/2019,0,91.93237309999995,0,0,CD8,0.5
0.012803,WT C-term,0,3/1/2019,0,73.46545409999999,0,0,CD8,0.5
0.004268,WT C-term,0,3/1/2019,0,44.6953125,0,0,CD8,0.5
0.001423,WT C-term,0,3/1/2019,0,15.674438499999951,0,0,CD8,0.5
0.000474,WT C-term,0,3/1/2019,0,9.804443399999968,0,0,CD8,0.5
84.0,WT C-term,0,3/1/2019,0,1618.7132567000003,0,0,CD8,1.0
28.0,WT C-term,0,3/1/2019,0,727.7319337000001,0,0,CD8,1.0
9.333333,WT C-term,0,3/1/2019,0,153.50183110000023,0,0,CD8,1.0
3.111,WT C-term,0,3/1/2019,0,6.970703100000037,0,0,CD8,1.0
1.037037,WT C-term,0,3/1/2019,0,78.66699219999998,0,0,CD8,1.0
0.345679,WT C-term,0,3/1/2019,0,56.857238800000005,0,0,CD8,1.0
0.115226,WT C-term,0,3/1/2019,0,23.918273900000145,0,0,CD8,1.0
0.038409,WT C-term,0,3/1/2019,0,95.85278320000009,0,0,CD8,1.0
0.012803,WT C-term,0,3/1/2019,0,68.9626465,0,0,CD8,1.0
0.004268,WT C-term,0,3/1/2019,0,28.022827199999938,0,0,CD8,1.0
0.001423,WT C-term,0,3/1/2019,0,19.5078125,0,0,CD8,1.0
0.000474,WT C-term,0,3/1/2019,0,0.0,0,0,CD8,1.0
84.0,WT C-term,0,3/1/2019,0,1276.3297122000001,0,0,CD8,2.0
28.0,WT C-term,0,3/1/2019,0,740.3214112000005,0,0,CD8,2.0
9.333333,WT C-term,0,3/1/2019,0,162.35998530000018,0,0,CD8,2.0
3.111,WT C-term,0,3/1/2019,0,132.9934082000001,0,0,CD8,2.0
1.037037,WT C-term,0,3/1/2019,0,99.83349610000016,0,0,CD8,2.0
0.345679,WT C-term,0,3/1/2019,0,143.83789060000015,0,0,CD8,2.0
0.115226,WT C-term,0,3/1/2019,0,14.424438400000327,0,0,CD8,2.0
0.038409,WT C-term,0,3/1/2019,0,32.76727290000031,0,0,CD8,2.0
0.012803,WT C-term,0,3/1/2019,0,38.11688230000016,0,0,CD8,2.0
0.004268,WT C-term,0,3/1/2019,0,23.535522400000332,0,0,CD8,2.0
0.001423,WT C-term,0,3/1/2019,0,10.574340800000186,0,0,CD8,2.0
0.000474,WT C-term,0,3/1/2019,0,0.0,0,0,CD8,2.0
84.0,WT C-term,0,3/1/2019,0,1998.4350587999993,0,0,CD8,4.0
28.0,WT C-term,0,3/1/2019,0,1746.7128907999995,0,0,CD8,4.0
9.333333,WT C-term,0,3/1/2019,0,1166.8601077999997,0,0,CD8,4.0
3.111,WT C-term,0,3/1/2019,0,599.2834468000002,0,0,CD8,4.0
1.037037,WT C-term,0,3/1/2019,0,174.7448119999998,0,0,CD8,4.0
0.345679,WT C-term,0,3/1/2019,0,164.6469727,0,0,CD8,4.0
0.115226,WT C-term,0,3/1/2019,0,142.90808109999978,0,0,CD8,4.0
0.038409,WT C-term,0,3/1/2019,0,130.71746829999984,0,0,CD8,4.0
0.012803,WT C-term,0,3/1/2019,0,0.0,0,0,CD8,4.0
0.004268,WT C-term,0,3/1/2019,0,80.95965579999984,0,0,CD8,4.0
0.001423,WT C-term,0,3/1/2019,0,137.34667969999953,0,0,CD8,4.0
0.000474,WT C-term,0,3/1/2019,0,64.67456059999961,0,0,CD8,4.0
84.0,WT C-term,0,3/1/2019,0,21947.257573000003,0,0,Treg,0.5
28.0,WT C-term,0,3/1/2019,0,21145.228273,0,0,Treg,0.5
9.333333,WT C-term,0,3/1/2019,0,19100.380613,0,0,Treg,0.5
3.111,WT C-term,0,3/1/2019,0,16754.511473000002,0,0,Treg,0.5
1.037037,WT C-term,0,3/1/2019,0,14756.525142999999,0,0,Treg,0.5
0.345679,WT C-term,0,3/1/2019,0,11330.798583,0,0,Treg,0.5
0.115226,WT C-term,0,3/1/2019,0,2517.925781,0,0,Treg,0.5
0.038409,WT C-term,0,3/1/2019,0,674.463256,0,0,Treg,0.5
0.012803,WT C-term,0,3/1/2019,0,449.115722,0,0,Treg,0.5
0.004268,WT C-term,0,3/1/2019,0,339.7989500000001,0,0,Treg,0.5
0.001423,WT C-term,0,3/1/2019,0,45.4077140000004,0,0,Treg,0.5
0.000474,WT C-term,0,3/1/2019,0,0.0,0,0,Treg,0.5
84.0,WT C-term,0,3/1/2019,0,21827.038448,0,0,Treg,1.0
28.0,WT C-term,0,3/1/2019,0,17868.161497999998,0,0,Treg,1.0
9.333333,WT C-term,0,3/1/2019,0,19562.317747999998,0,0,Treg,1.0
3.111,WT C-term,0,3/1/2019,0,18040.479858,0,0,Treg,1.0
1.037037,WT C-term,0,3/1/2019,0,14019.359738000001,0,0,Treg,1.0
0.345679,WT C-term,0,3/1/2019,0,10277.087278,0,0,Treg,1.0
0.115226,WT C-term,0,3/1/2019,0,4871.607298999999,0,0,Treg,1.0
0.038409,WT C-term,0,3/1/2019,0,1144.649047,0,0,Treg,1.0
0.012803,WT C-term,0,3/1/2019,0,305.246948,0,0,Treg,1.0
0.004268,WT C-term,0,3/1/2019,0,0.0,0,0,Treg,1.0
0.001423,WT C-term,0,3/1/2019,0,123.54748499999982,0,0,Treg,1.0
0.000474,WT C-term,0,3/1/2019,0,240.28112799999985,0,0,Treg,1.0
84.0,WT C-term,0,3/1/2019,0,23152.467778000002,0,0,Treg,2.0
28.0,WT C-term,0,3/1/2019,0,21179.481448,0,0,Treg,2.0
9.333333,WT C-term,0,3/1/2019,0,24172.258788,0,0,Treg,2.0
3.111,WT C-term,0,3/1/2019,0,19441.959958,0,0,Treg,2.0
1.037037,WT C-term,0,3/1/2019,0,18651.198238,0,0,Treg,2.0
0.345679,WT C-term,0,3/1/2019,0,16774.569338,0,0,Treg,2.0
0.115226,WT C-term,0,3/1/2019,0,10429.680668,0,0,Treg,2.0
0.038409,WT C-term,0,3/1/2019,0,3032.279295999999,0,0,Treg,2.0
0.012803,WT C-term,0,3/1/2019,0,442.839843,0,0,Treg,2.0
0.004268,WT C-term,0,3/1/2019,0,284.6879879999997,0,0,Treg,2.0
0.001423,WT C-term,0,3/1/2019,0,126.21240199999988,0,0,Treg,2.0
0.000474,WT C-term,0,3/1/2019,0,0.0,0,0,Treg,2.0
84.0,WT C-term,0,3/1/2019,0,23581.347536999998,0,0,Treg,4.0
28.0,WT C-term,0,3/1/2019,0,25390.747927,0,0,Treg,4.0
9.333333,WT C-term,0,3/1/2019,0,23235.824097,0,0,Treg,4.0
3.111,WT C-term,0,3/1/2019,0,23399.263547,0,0,Treg,4.0
1.037037,WT C-term,0,3/1/2019,0,22216.945187,0,0,Treg,4.0
0.345679,WT C-term,0,3/1/2019,0,23606.951047,0,0,Treg,4.0
0.115226,WT C-term,0,3/1/2019,0,20476.185427,0,0,Treg,4.0
0.038409,WT C-term,0,3/1/2019,0,17461.390507,0,0,Treg,4.0
0.012803,WT C-term,0,3/1/2019,0,11818.605346999999,0,0,Treg,4.0
0.004268,WT C-term,0,3/1/2019,0,2749.327514,0,0,Treg,4.0
0.001423,WT C-term,0,3/1/2019,0,989.095581,0,0,Treg,4.0
0.000474,WT C-term,0,3/1/2019,0,0.0,0,0,Treg,4.0
84.0,WT C-term,0,3/1/2019,0,9524.700078,0,0,Thelper,0.5
28.0,WT C-term,0,3/1/2019,0,7964.649292000001,0,0,Thelper,0.5
9.333333,WT C-term,0,3/1/2019,0,1273.559693,0,0,Thelper,0.5
3.111,WT C-term,0,3/1/2019,0,833.3284919999999,0,0,Thelper,0.5
1.037037,WT C-term,0,3/1/2019,0,568.942994,0,0,Thelper,0.5
0.345679,WT C-term,0,3/1/2019,0,394.2315679999999,0,0,Thelper,0.5
0.115226,WT C-term,0,3/1/2019,0,267.32312100000036,0,0,Thelper,0.5
0.038409,WT C-term,0,3/1/2019,0,211.68225099999995,0,0,Thelper,0.5
0.012803,WT C-term,0,3/1/2019,0,159.224244,0,0,Thelper,0.5
0.004268,WT C-term,0,3/1/2019,0,100.68579099999988,0,0,Thelper,0.5
0.001423,WT C-term,0,3/1/2019,0,135.77380400000015,0,0,Thelper,0.5
0.000474,WT C-term,0,3/1/2019,0,0.0,0,0,Thelper,0.5
84.0,WT C-term,0,3/1/2019,0,4460.63562,0,0,Thelper,1.0
28.0,WT C-term,0,3/1/2019,0,3168.3358150000004,0,0,Thelper,1.0
9.333333,WT C-term,0,3/1/2019,0,1518.790649,0,0,Thelper,1.0
3.111,WT C-term,0,3/1/2019,0,883.5401609999999,0,0,Thelper,1.0
1.037037,WT C-term,0,3/1/2019,0,604.1319579999999,0,0,Thelper,1.0
0.345679,WT C-term,0,3/1/2019,0,235.6590580000004,0,0,Thelper,1.0
0.115226,WT C-term,0,3/1/2019,0,270.559082,0,0,Thelper,1.0
0.038409,WT C-term,0,3/1/2019,0,93.9947510000004,0,0,Thelper,1.0
0.012803,WT C-term,0,3/1/2019,0,0.0,0,0,Thelper,1.0
0.004268,WT C-term,0,3/1/2019,0,17.959473000000116,0,0,Thelper,1.0
0.001423,WT C-term,0,3/1/2019,0,42.571411000000126,0,0,Thelper,1.0
0.000474,WT C-term,0,3/1/2019,0,177.05688499999997,0,0,Thelper,1.0
84.0,WT C-term,0,3/1/2019,0,3378.528321,0,0,Thelper,2.0
28.0,WT C-term,0,3/1/2019,0,2419.441651,0,0,Thelper,2.0
9.333333,WT C-term,0,3/1/2019,0,1629.5561530000007,0,0,Thelper,2.0
3.111,WT C-term,0,3/1/2019,0,1199.738282,0,0,Thelper,2.0
1.037037,WT C-term,0,3/1/2019,0,1021.32959,0,0,Thelper,2.0
0.345679,WT C-term,0,3/1/2019,0,535.3065190000004,0,0,Thelper,2.0
0.115226,WT C-term,0,3/1/2019,0,262.7607429999998,0,0,Thelper,2.0
0.038409,WT C-term,0,3/1/2019,0,107.45092799999998,0,0,Thelper,2.0
0.012803,WT C-term,0,3/1/2019,0,91.15368699999999,0,0,Thelper,2.0
0.004268,WT C-term,0,3/1/2019,0,75.5338139999999,0,0,Thelper,2.0
0.001423,WT C-term,0,3/1/2019,0,89.18103099999985,0,0,Thelper,2.0
0.000474,WT C-term,0,3/1/2019,0,0.0,0,0,Thelper,2.0
84.0,WT C-term,0,3/1/2019,0,7403.872437,0,0,Thelper,4.0
28.0,WT C-term,0,3/1/2019,0,6222.048218,0,0,Thelper,4.0
9.333333,WT C-term,0,3/1/2019,0,5232.307983000001,0,0,Thelper,4.0
3.111,WT C-term,0,3/1/2019,0,3375.9588620000013,0,0,Thelper,4.0
1.037037,WT C-term,0,3/1/2019,0,2243.4842529999996,0,0,Thelper,4.0
0.345679,WT C-term,0,3/1/2019,0,1791.4930419999998,0,0,Thelper,4.0
0.115226,WT C-term,0,3/1/2019,0,1019.44397,0,0,Thelper,4.0
0.038409,WT C-term,0,3/1/2019,0,546.0897219999999,0,0,Thelper,4.0
0.012803,WT C-term,0,3/1/2019,0,219.70886199999995,0,0,Thelper,4.0
0.004268,WT C-term,0,3/1/2019,0,52.43029799999999,0,0,Thelper,4.0
0.001423,WT C-term,0,3/1/2019,0,0.0,0,0,Thelper,4.0
0.000474,WT C-term,0,3/1/2019,0,35.162841999999955,0,0,Thelper,4.0
84.0,V91K C-term,0,3/1/2019,0,761.1846008,0,0,NK,0.5
28.0,V91K C-term,0,3/1/2019,0,389.9195862000002,0,0,NK,0.5
9.333333,V91K C-term,0,3/1/2019,0,138.6266785000002,0,0,NK,0.5
3.111,V91K C-term,0,3/1/2019,0,102.88064569999989,0,0,NK,0.5
1.037037,V91K C-term,0,3/1/2019,0,53.295257600000184,0,0,NK,0.5
0.345679,V91K C-term,0,3/1/2019,0,129.2753601,0,0,NK,0.5
0.115226,V91K C-term,0,3/1/2019,0,145.69973750000014,0,0,NK,0.5
0.038409,V91K C-term,0,3/1/2019,0,115.98922729999998,0,0,NK,0.5
0.012803,V91K C-term,0,3/1/2019,0,51.84573359999996,0,0,NK,0.5
0.004268,V91K C-term,0,3/1/2019,0,53.64016720000001,0,0,NK,0.5
0.001423,V91K C-term,0,3/1/2019,0,115.50039669999995,0,0,NK,0.5
0.000474,V91K C-term,0,3/1/2019,0,0.0,0,0,NK,0.5
84.0,V91K C-term,0,3/1/2019,0,625.0263062999999,0,0,NK,1.0
28.0,V91K C-term,0,3/1/2019,0,401.8286743,0,0,NK,1.0
9.333333,V91K C-term,0,3/1/2019,0,210.56982419999997,0,0,NK,1.0
3.111,V91K C-term,0,3/1/2019,0,123.11785880000002,0,0,NK,1.0
1.037037,V91K C-term,0,3/1/2019,0,0.0,0,0,NK,1.0
0.345679,V91K C-term,0,3/1/2019,0,144.01574700000003,0,0,NK,1.0
0.115226,V91K C-term,0,3/1/2019,0,79.53167719999999,0,0,NK,1.0
0.038409,V91K C-term,0,3/1/2019,0,141.68353269999977,0,0,NK,1.0
0.012803,V91K C-term,0,3/1/2019,0,155.22174069999994,0,0,NK,1.0
0.004268,V91K C-term,0,3/1/2019,0,122.8692016,0,0,NK,1.0
0.001423,V91K C-term,0,3/1/2019,0,174.63342279999995,0,0,NK,1.0
0.000474,V91K C-term,0,3/1/2019,0,60.822997999999984,0,0,NK,1.0
84.0,V91K C-term,0,3/1/2019,0,510.5242004000001,0,0,NK,2.0
28.0,V91K C-term,0,3/1/2019,0,298.4411316,0,0,NK,2.0
9.333333,V91K C-term,0,3/1/2019,0,243.77011109999984,0,0,NK,2.0
3.111,V91K C-term,0,3/1/2019,0,226.15274049999988,0,0,NK,2.0
1.037037,V91K C-term,0,3/1/2019,0,184.5988464,0,0,NK,2.0
0.345679,V91K C-term,0,3/1/2019,0,78.75015259999981,0,0,NK,2.0
0.115226,V91K C-term,0,3/1/2019,0,161.0007629000002,0,0,NK,2.0
0.038409,V91K C-term,0,3/1/2019,0,165.19985960000002,0,0,NK,2.0
0.012803,V91K C-term,0,3/1/2019,0,0.0,0,0,NK,2.0
0.004268,V91K C-term,0,3/1/2019,0,41.80624390000003,0,0,NK,2.0
0.001423,V91K C-term,0,3/1/2019,0,102.66336059999998,0,0,NK,2.0
0.000474,V91K C-term,0,3/1/2019,0,51.699432400000035,0,0,NK,2.0
84.0,V91K C-term,0,3/1/2019,0,510.2443235999998,0,0,NK,4.0
28.0,V91K C-term,0,3/1/2019,0,316.9335326999998,0,0,NK,4.0
9.333333,V91K C-term,0,3/1/2019,0,240.19653319999998,0,0,NK,4.0
3.111,V91K C-term,0,3/1/2019,0,150.26593019999996,0,0,NK,4.0
1.037037,V91K C-term,0,3/1/2019,0,0.0,0,0,NK,4.0
0.345679,V91K C-term,0,3/1/2019,0,155.21771239999998,0,0,NK,4.0
0.115226,V91K C-term,0,3/1/2019,0,94.12097169999993,0,0,NK,4.0
0.038409,V91K C-term,0,3/1/2019,0,43.03613280000002,0,0,NK,4.0
0.012803,V91K C-term,0,3/1/2019,0,42.500366200000144,0,0,NK,4.0
0.004268,V91K C-term,0,3/1/2019,0,41.356384299999945,0,0,NK,4.0
0.001423,V91K C-term,0,3/1/2019,0,90.66644289999977,0,0,NK,4.0
0.000474,V91K C-term,0,3/1/2019,0,98.31420899999978,0,0,NK,4.0
84.0,V91K C-term,0,3/1/2019,0,448.98339889999977,0,0,CD8,0.5
28.0,V91K C-term,0,3/1/2019,0,267.50463869999976,0,0,CD8,0.5
9.333333,V91K C-term,0,3/1/2019,0,92.33239749999984,0,0,CD8,0.5
3.111,V91K C-term,0,3/1/2019,0,5.235473699999602,0,0,CD8,0.5
1.037037,V91K C-term,0,3/1/2019,0,36.78344729999981,0,0,CD8,0.5
0.345679,V91K C-term,0,3/1/2019,0,44.03112799999985,0,0,CD8,0.5
0.115226,V91K C-term,0,3/1/2019,0,57.747558599999934,0,0,CD8,0.5
0.038409,V91K C-term,0,3/1/2019,0,32.6634521999996,0,0,CD8,0.5
0.012803,V91K C-term,0,3/1/2019,0,32.68304449999982,0,0,CD8,0.5
0.004268,V91K C-term,0,3/1/2019,0,0.0,0,0,CD8,0.5
0.001423,V91K C-term,0,3/1/2019,0,5.166992199999754,0,0,CD8,0.5
0.000474,V91K C-term,0,3/1/2019,0,6.088134799999807,0,0,CD8,0.5
84.0,V91K C-term,0,3/1/2019,0,404.7631227999998,0,0,CD8,1.0
28.0,V91K C-term,0,3/1/2019,0,140.60437009999976,0,0,CD8,1.0
9.333333,V91K C-term,0,3/1/2019,0,108.21923819999984,0,0,CD8,1.0
3.111,V91K C-term,0,3/1/2019,0,34.04705809999973,0,0,CD8,1.0
1.037037,V91K C-term,0,3/1/2019,0,0.0,0,0,CD8,1.0
0.345679,V91K C-term,0,3/1/2019,0,58.25140379999982,0,0,CD8,1.0
0.115226,V91K C-term,0,3/1/2019,0,39.515685999999846,0,0,CD8,1.0
0.038409,V91K C-term,0,3/1/2019,0,22.619567799999913,0,0,CD8,1.0
0.012803,V91K C-term,0,3/1/2019,0,58.766967699999896,0,0,CD8,1.0
0.004268,V91K C-term,0,3/1/2019,0,60.88641349999989,0,0,CD8,1.0
0.001423,V91K C-term,0,3/1/2019,0,86.59674069999983,0,0,CD8,1.0
0.000474,V91K C-term,0,3/1/2019,0,33.47827140000004,0,0,CD8,1.0
84.0,V91K C-term,0,3/1/2019,0,461.8576046999999,0,0,CD8,2.0
28.0,V91K C-term,0,3/1/2019,0,125.48968509999997,0,0,CD8,2.0
9.333333,V91K C-term,0,3/1/2019,0,53.7886963000002,0,0,CD8,2.0
3.111,V91K C-term,0,3/1/2019,0,53.49322510000002,0,0,CD8,2.0
1.037037,V91K C-term,0,3/1/2019,0,61.07305910000002,0,0,CD8,2.0
0.345679,V91K C-term,0,3/1/2019,0,32.15972899999997,0,0,CD8,2.0
0.115226,V91K C-term,0,3/1/2019,0,46.53613280000013,0,0,CD8,2.0
0.038409,V91K C-term,0,3/1/2019,0,76.0774535999999,0,0,CD8,2.0
0.012803,V91K C-term,0,3/1/2019,0,39.79614260000005,0,0,CD8,2.0
0.004268,V91K C-term,0,3/1/2019,0,41.584289600000034,0,0,CD8,2.0
0.001423,V91K C-term,0,3/1/2019,0,43.87982180000006,0,0,CD8,2.0
0.000474,V91K C-term,0,3/1/2019,0,0.0,0,0,CD8,2.0
84.0,V91K C-term,0,3/1/2019,0,300.5393071000001,0,0,CD8,4.0
28.0,V91K C-term,0,3/1/2019,0,190.4434205,0,0,CD8,4.0
9.333333,V91K C-term,0,3/1/2019,0,90.2519532,0,0,CD8,4.0
3.111,V91K C-term,0,3/1/2019,0,57.07653810000022,0,0,CD8,4.0
1.037037,V91K C-term,0,3/1/2019,0,0.0,0,0,CD8,4.0
0.345679,V91K C-term,0,3/1/2019,0,66.54760750000003,0,0,CD8,4.0
0.115226,V91K C-term,0,3/1/2019,0,11.123168999999848,0,0,CD8,4.0
0.038409,V91K C-term,0,3/1/2019,0,1.447143600000004,0,0,CD8,4.0
0.012803,V91K C-term,0,3/1/2019,0,4.955261300000075,0,0,CD8,4.0
0.004268,V91K C-term,0,3/1/2019,0,25.32116700000006,0,0,CD8,4.0
0.001423,V91K C-term,0,3/1/2019,0,36.505127000000016,0,0,CD8,4.0
0.000474,V91K C-term,0,3/1/2019,0,6.508117700000071,0,0,CD8,4.0
84.0,V91K C-term,0,3/1/2019,0,22881.16016,0,0,Treg,0.5
28.0,V91K C-term,0,3/1/2019,0,21657.63086,0,0,Treg,0.5
9.333333,V91K C-term,0,3/1/2019,0,6088.244140999999,0,0,Treg,0.5
3.111,V91K C-term,0,3/1/2019,0,1721.10498,0,0,Treg,0.5
1.037037,V91K C-term,0,3/1/2019,0,811.0410160000001,0,0,Treg,0.5
0.345679,V91K C-term,0,3/1/2019,0,1080.308838,0,0,Treg,0.5
0.115226,V91K C-term,0,3/1/2019,0,189.56152300000008,0,0,Treg,0.5
0.038409,V91K C-term,0,3/1/2019,0,478.96850599999993,0,0,Treg,0.5
0.012803,V91K C-term,0,3/1/2019,0,81.21313499999997,0,0,Treg,0.5
0.004268,V91K C-term,0,3/1/2019,0,674.53125,0,0,Treg,0.5
0.001423,V91K C-term,0,3/1/2019,0,0.0,0,0,Treg,0.5
0.000474,V91K C-term,0,3/1/2019,0,113.4584960000002,0,0,Treg,0.5
84.0,V91K C-term,0,3/1/2019,0,16926.595582,0,0,Treg,1.0
28.0,V91K C-term,0,3/1/2019,0,17470.654172000002,0,0,Treg,1.0
9.333333,V91K C-term,0,3/1/2019,0,9218.995972,0,0,Treg,1.0
3.111,V91K C-term,0,3/1/2019,0,3471.8802490000007,0,0,Treg,1.0
1.037037,V91K C-term,0,3/1/2019,0,1026.4469000000006,0,0,Treg,1.0
0.345679,V91K C-term,0,3/1/2019,0,544.1290290000004,0,0,Treg,1.0
0.115226,V91K C-term,0,3/1/2019,0,543.689576,0,0,Treg,1.0
0.038409,V91K C-term,0,3/1/2019,0,399.24658200000044,0,0,Treg,1.0
0.012803,V91K C-term,0,3/1/2019,0,348.7457280000008,0,0,Treg,1.0
0.004268,V91K C-term,0,3/1/2019,0,309.1535650000003,0,0,Treg,1.0
0.001423,V91K C-term,0,3/1/2019,0,252.1712650000004,0,0,Treg,1.0
0.000474,V91K C-term,0,3/1/2019,0,0.0,0,0,Treg,1.0
84.0,V91K C-term,0,3/1/2019,0,18550.625609000002,0,0,Treg,2.0
28.0,V91K C-term,0,3/1/2019,0,17008.500609000002,0,0,Treg,2.0
9.333333,V91K C-term,0,3/1/2019,0,14377.635379,0,0,Treg,2.0
3.111,V91K C-term,0,3/1/2019,0,11301.174438999999,0,0,Treg,2.0
1.037037,V91K C-term,0,3/1/2019,0,1823.099731,0,0,Treg,2.0
0.345679,V91K C-term,0,3/1/2019,0,2903.907104,0,0,Treg,2.0
0.115226,V91K C-term,0,3/1/2019,0,1016.1300050000007,0,0,Treg,2.0
0.038409,V91K C-term,0,3/1/2019,0,555.7396239999998,0,0,Treg,2.0
0.012803,V91K C-term,0,3/1/2019,0,282.73754899999994,0,0,Treg,2.0
0.004268,V91K C-term,0,3/1/2019,0,298.12268099999983,0,0,Treg,2.0
0.001423,V91K C-term,0,3/1/2019,0,401.3070069999999,0,0,Treg,2.0
0.000474,V91K C-term,0,3/1/2019,0,0.0,0,0,Treg,2.0
84.0,V91K C-term,0,3/1/2019,0,15175.118167999999,0,0,Treg,4.0
28.0,V91K C-term,0,3/1/2019,0,17688.526368000003,0,0,Treg,4.0
9.333333,V91K C-term,0,3/1/2019,0,17481.081058,0,0,Treg,4.0
3.111,V91K C-term,0,3/1/2019,0,14405.952148,0,0,Treg,4.0
1.037037,V91K C-term,0,3/1/2019,0,11666.676758,0,0,Treg,4.0
0.345679,V91K C-term,0,3/1/2019,0,10114.498048,0,0,Treg,4.0
0.115226,V91K C-term,0,3/1/2019,0,4439.223144999998,0,0,Treg,4.0
0.038409,V91K C-term,0,3/1/2019,0,1888.5791020000001,0,0,Treg,4.0
0.012803,V91K C-term,0,3/1/2019,0,309.7224120000001,0,0,Treg,4.0
0.004268,V91K C-term,0,3/1/2019,0,228.7266850000001,0,0,Treg,4.0
0.001423,V91K C-term,0,3/1/2019,0,447.9851080000001,0,0,Treg,4.0
0.000474,V91K C-term,0,3/1/2019,0,0.0,0,0,Treg,4.0
84.0,V91K C-term,0,3/1/2019,0,2555.365479,0,0,Thelper,0.5
28.0,V91K C-term,0,3/1/2019,0,1865.768799,0,0,Thelper,0.5
9.333333,V91K C-term,0,3/1/2019,0,455.7723390000001,0,0,Thelper,0.5
3.111,V91K C-term,0,3/1/2019,0,484.33593799999994,0,0,Thelper,0.5
1.037037,V91K C-term,0,3/1/2019,0,543.8795170000001,0,0,Thelper,0.5
0.345679,V91K C-term,0,3/1/2019,0,448.9375,0,0,Thelper,0.5
0.115226,V91K C-term,0,3/1/2019,0,356.57946800000013,0,0,Thelper,0.5
0.038409,V91K C-term,0,3/1/2019,0,394.37182600000006,0,0,Thelper,0.5
0.012803,V91K C-term,0,3/1/2019,0,225.40856899999994,0,0,Thelper,0.5
0.004268,V91K C-term,0,3/1/2019,0,221.200562,0,0,Thelper,0.5
0.001423,V91K C-term,0,3/1/2019,0,121.69262700000013,0,0,Thelper,0.5
0.000474,V91K C-term,0,3/1/2019,0,0.0,0,0,Thelper,0.5
84.0,V91K C-term,0,3/1/2019,0,2451.595093,0,0,Thelper,1.0
28.0,V91K C-term,0,3/1/2019,0,1828.8067629999998,0,0,Thelper,1.0
9.333333,V91K C-term,0,3/1/2019,0,769.3616939999999,0,0,Thelper,1.0
3.111,V91K C-term,0,3/1/2019,0,610.1618649999998,0,0,Thelper,1.0
1.037037,V91K C-term,0,3/1/2019,0,548.434448,0,0,Thelper,1.0
0.345679,V91K C-term,0,3/1/2019,0,626.8308099999999,0,0,Thelper,1.0
0.115226,V91K C-term,0,3/1/2019,0,468.793823,0,0,Thelper,1.0
0.038409,V91K C-term,0,3/1/2019,0,446.7918699999998,0,0,Thelper,1.0
0.012803,V91K C-term,0,3/1/2019,0,397.88537599999995,0,0,Thelper,1.0
0.004268,V91K C-term,0,3/1/2019,0,248.10839799999985,0,0,Thelper,1.0
0.001423,V91K C-term,0,3/1/2019,0,289.14392099999986,0,0,Thelper,1.0
0.000474,V91K C-term,0,3/1/2019,0,0.0,0,0,Thelper,1.0
84.0,V91K C-term,0,3/1/2019,0,1882.3688357000003,0,0,Thelper,2.0
28.0,V91K C-term,0,3/1/2019,0,1480.7037966999999,0,0,Thelper,2.0
9.333333,V91K C-term,0,3/1/2019,0,918.2186887,0,0,Thelper,2.0
3.111,V91K C-term,0,3/1/2019,0,727.9616087000004,0,0,Thelper,2.0
1.037037,V91K C-term,0,3/1/2019,0,574.3848267000001,0,0,Thelper,2.0
0.345679,V91K C-term,0,3/1/2019,0,564.8307497000001,0,0,Thelper,2.0
0.115226,V91K C-term,0,3/1/2019,0,549.9826046999999,0,0,Thelper,2.0
0.038409,V91K C-term,0,3/1/2019,0,433.11785869999994,0,0,Thelper,2.0
0.012803,V91K C-term,0,3/1/2019,0,289.54302970000003,0,0,Thelper,2.0
0.004268,V91K C-term,0,3/1/2019,0,293.9140017,0,0,Thelper,2.0
0.001423,V91K C-term,0,3/1/2019,0,169.75848369999994,0,0,Thelper,2.0
0.000474,V91K C-term,0,3/1/2019,0,0.0,0,0,Thelper,2.0
84.0,V91K C-term,0,3/1/2019,0,2046.580323,0,0,Thelper,4.0
28.0,V91K C-term,0,3/1/2019,0,1568.282715,0,0,Thelper,4.0
9.333333,V91K C-term,0,3/1/2019,0,1344.4318850000006,0,0,Thelper,4.0
3.111,V91K C-term,0,3/1/2019,0,879.4262699999997,0,0,Thelper,4.0
1.037037,V91K C-term,0,3/1/2019,0,470.309082,0,0,Thelper,4.0
0.345679,V91K C-term,0,3/1/2019,0,304.56909199999996,0,0,Thelper,4.0
0.115226,V91K C-term,0,3/1/2019,0,230.48046899999986,0,0,Thelper,4.0
0.038409,V91K C-term,0,3/1/2019,0,135.96508799999992,0,0,Thelper,4.0
0.012803,V91K C-term,0,3/1/2019,0,27.153564999999844,0,0,Thelper,4.0
0.004268,V91K C-term,0,3/1/2019,0,12.55932699999994,0,0,Thelper,4.0
0.001423,V91K C-term,0,3/1/2019,0,90.40100099999995,0,0,Thelper,4.0
0.000474,V91K C-term,0,3/1/2019,0,0.0,0,0,Thelper,4.0
84.0,R38Q N-term,0,3/1/2019,0,1418.4652098000001,0,0,NK,0.5
28.0,R38Q N-term,0,3/1/2019,0,1038.8090818,0,0,NK,0.5
9.333333,R38Q N-term,0,3/1/2019,0,238.52044679999995,0,0,NK,0.5
3.111,R38Q N-term,0,3/1/2019,0,195.2174071999999,0,0,NK,0.5
1.037037,R38Q N-term,0,3/1/2019,0,260.83843990000014,0,0,NK,0.5
0.345679,R38Q N-term,0,3/1/2019,0,107.96813959999986,0,0,NK,0.5
0.115226,R38Q N-term,0,3/1/2019,0,76.04840089999993,0,0,NK,0.5
0.038409,R38Q N-term,0,3/1/2019,0,93.88073729999996,0,0,NK,0.5
0.012803,R38Q N-term,0,3/1/2019,0,119.04882809999992,0,0,NK,0.5
0.004268,R38Q N-term,0,3/1/2019,0,0.0,0,0,NK,0.5
0.001423,R38Q N-term,0,3/1/2019,0,4.380004900000017,0,0,NK,0.5
0.000474,R38Q N-term,0,3/1/2019,0,48.80126949999999,0,0,NK,0.5
84.0,R38Q N-term,0,3/1/2019,0,1342.7004391000003,0,0,NK,1.0
28.0,R38Q N-term,0,3/1/2019,0,906.5800781000003,0,0,NK,1.0
9.333333,R38Q N-term,0,3/1/2019,0,231.5634765000002,0,0,NK,1.0
3.111,R38Q N-term,0,3/1/2019,0,99.36749260000022,0,0,NK,1.0
1.037037,R38Q N-term,0,3/1/2019,0,132.96124260000022,0,0,NK,1.0
0.345679,R38Q N-term,0,3/1/2019,0,66.57489010000018,0,0,NK,1.0
0.115226,R38Q N-term,0,3/1/2019,0,119.17608640000003,0,0,NK,1.0
0.038409,R38Q N-term,0,3/1/2019,0,40.1942138000004,0,0,NK,1.0
0.012803,R38Q N-term,0,3/1/2019,0,82.91790770000023,0,0,NK,1.0
0.004268,R38Q N-term,0,3/1/2019,0,57.0034790000002,0,0,NK,1.0
0.001423,R38Q N-term,0,3/1/2019,0,0.0,0,0,NK,1.0
0.000474,R38Q N-term,0,3/1/2019,0,22.725708000000168,0,0,NK,1.0
84.0,R38Q N-term,0,3/1/2019,0,1360.2772213999997,0,0,NK,2.0
28.0,R38Q N-term,0,3/1/2019,0,898.8101803999997,0,0,NK,2.0
9.333333,R38Q N-term,0,3/1/2019,0,258.4961547999998,0,0,NK,2.0
3.111,R38Q N-term,0,3/1/2019,0,180.16497809999998,0,0,NK,2.0
1.037037,R38Q N-term,0,3/1/2019,0,183.2216186999998,0,0,NK,2.0
0.345679,R38Q N-term,0,3/1/2019,0,70.28729249999981,0,0,NK,2.0
0.115226,R38Q N-term,0,3/1/2019,0,0.0,0,0,NK,2.0
0.038409,R38Q N-term,0,3/1/2019,0,89.45092779999982,0,0,NK,2.0
0.012803,R38Q N-term,0,3/1/2019,0,86.8900146999996,0,0,NK,2.0
0.004268,R38Q N-term,0,3/1/2019,0,64.15167239999982,0,0,NK,2.0
0.001423,R38Q N-term,0,3/1/2019,0,80.81225589999985,0,0,NK,2.0
0.000474,R38Q N-term,0,3/1/2019,0,49.17834479999976,0,0,NK,2.0
84.0,R38Q N-term,0,3/1/2019,0,1463.483093,0,0,NK,4.0
28.0,R38Q N-term,0,3/1/2019,0,1139.754333,0,0,NK,4.0
9.333333,R38Q N-term,0,3/1/2019,0,982.1930540000001,0,0,NK,4.0
3.111,R38Q N-term,0,3/1/2019,0,474.8168330000001,0,0,NK,4.0
1.037037,R38Q N-term,0,3/1/2019,0,277.6769409,0,0,NK,4.0
0.345679,R38Q N-term,0,3/1/2019,0,91.56536860000006,0,0,NK,4.0
0.115226,R38Q N-term,0,3/1/2019,0,21.167297299999973,0,0,NK,4.0
0.038409,R38Q N-term,0,3/1/2019,0,68.8843994,0,0,NK,4.0
0.012803,R38Q N-term,0,3/1/2019,0,9.211181600000032,0,0,NK,4.0
0.004268,R38Q N-term,0,3/1/2019,0,30.659851000000117,0,0,NK,4.0
0.001423,R38Q N-term,0,3/1/2019,0,82.54779050000002,0,0,NK,4.0
0.000474,R38Q N-term,0,3/1/2019,0,0.0,0,0,NK,4.0
84.0,R38Q N-term,0,3/1/2019,0,1916.9472042000002,0,0,CD8,0.5
28.0,R38Q N-term,0,3/1/2019,0,848.3469852000004,0,0,CD8,0.5
9.333333,R38Q N-term,0,3/1/2019,0,110.3354492000002,0,0,CD8,0.5
3.111,R38Q N-term,0,3/1/2019,0,136.112793,0,0,CD8,0.5
1.037037,R38Q N-term,0,3/1/2019,0,109.05828859999997,0,0,CD8,0.5
0.345679,R38Q N-term,0,3/1/2019,0,55.204040499999905,0,0,CD8,0.5
0.115226,R38Q N-term,0,3/1/2019,0,63.20477299999982,0,0,CD8,0.5
0.038409,R38Q N-term,0,3/1/2019,0,26.15325930000006,0,0,CD8,0.5
0.012803,R38Q N-term,0,3/1/2019,0,17.278381400000058,0,0,CD8,0.5
0.004268,R38Q N-term,0,3/1/2019,0,27.068542499999808,0,0,CD8,0.5
0.001423,R38Q N-term,0,3/1/2019,0,20.012329099999988,0,0,CD8,0.5
0.000474,R38Q N-term,0,3/1/2019,0,0.0,0,0,CD8,0.5
84.0,R38Q N-term,0,3/1/2019,0,1637.7092281999999,0,0,CD8,1.0
28.0,R38Q N-term,0,3/1/2019,0,645.1328122000001,0,0,CD8,1.0
9.333333,R38Q N-term,0,3/1/2019,0,92.5618896000002,0,0,CD8,1.0
3.111,R38Q N-term,0,3/1/2019,0,59.46411130000024,0,0,CD8,1.0
1.037037,R38Q N-term,0,3/1/2019,0,18.088867100000243,0,0,CD8,1.0
0.345679,R38Q N-term,0,3/1/2019,0,67.65625,0,0,CD8,1.0
0.115226,R38Q N-term,0,3/1/2019,0,46.0701293000003,0,0,CD8,1.0
0.038409,R38Q N-term,0,3/1/2019,0,88.53033440000024,0,0,CD8,1.0
0.012803,R38Q N-term,0,3/1/2019,0,49.219299300000216,0,0,CD8,1.0
0.004268,R38Q N-term,0,3/1/2019,0,19.430603000000133,0,0,CD8,1.0
0.001423,R38Q N-term,0,3/1/2019,0,27.515625,0,0,CD8,1.0
0.000474,R38Q N-term,0,3/1/2019,0,0.0,0,0,CD8,1.0
84.0,R38Q N-term,0,3/1/2019,0,1580.0000004,0,0,CD8,2.0
28.0,R38Q N-term,0,3/1/2019,0,634.4548344,0,0,CD8,2.0
9.333333,R38Q N-term,0,3/1/2019,0,147.44787600000006,0,0,CD8,2.0
3.111,R38Q N-term,0,3/1/2019,0,83.06823729999996,0,0,CD8,2.0
1.037037,R38Q N-term,0,3/1/2019,0,91.48864749999996,0,0,CD8,2.0
0.345679,R38Q N-term,0,3/1/2019,0,47.51342779999993,0,0,CD8,2.0
0.115226,R38Q N-term,0,3/1/2019,0,19.160034199999927,0,0,CD8,2.0
0.038409,R38Q N-term,0,3/1/2019,0,20.10125729999993,0,0,CD8,2.0
0.012803,R38Q N-term,0,3/1/2019,0,28.03002929999991,0,0,CD8,2.0
0.004268,R38Q N-term,0,3/1/2019,0,61.92517090000001,0,0,CD8,2.0
0.001423,R38Q N-term,0,3/1/2019,0,15.972900399999958,0,0,CD8,2.0
0.000474,R38Q N-term,0,3/1/2019,0,0.0,0,0,CD8,2.0
84.0,R38Q N-term,0,3/1/2019,0,1952.4271847,0,0,CD8,4.0
28.0,R38Q N-term,0,3/1/2019,0,1095.1068727000002,0,0,CD8,4.0
9.333333,R38Q N-term,0,3/1/2019,0,577.8507687000001,0,0,CD8,4.0
3.111,R38Q N-term,0,3/1/2019,0,224.95379630000014,0,0,CD8,4.0
1.037037,R38Q N-term,0,3/1/2019,0,168.38629150000008,0,0,CD8,4.0
0.345679,R38Q N-term,0,3/1/2019,0,58.609130800000116,0,0,CD8,4.0
0.115226,R38Q N-term,0,3/1/2019,0,60.92535399999997,0,0,CD8,4.0
0.038409,R38Q N-term,0,3/1/2019,0,43.19750970000007,0,0,CD8,4.0
0.012803,R38Q N-term,0,3/1/2019,0,18.487731900000085,0,0,CD8,4.0
0.004268,R38Q N-term,0,3/1/2019,0,17.66992180000011,0,0,CD8,4.0
0.001423,R38Q N-term,0,3/1/2019,0,0.0,0,0,CD8,4.0
0.000474,R38Q N-term,0,3/1/2019,0,11.53594970000006,0,0,CD8,4.0
84.0,R38Q N-term,0,3/1/2019,0,27711.94702,0,0,Treg,0.5
28.0,R38Q N-term,0,3/1/2019,0,22791.20288,0,0,Treg,0.5
9.333333,R38Q N-term,0,3/1/2019,0,18141.82398,0,0,Treg,0.5
3.111,R38Q N-term,0,3/1/2019,0,10851.970459999999,0,0,Treg,0.5
1.037037,R38Q N-term,0,3/1/2019,0,1654.3405770000002,0,0,Treg,0.5
0.345679,R38Q N-term,0,3/1/2019,0,649.2653809999999,0,0,Treg,0.5
0.115226,R38Q N-term,0,3/1/2019,0,991.8381350000002,0,0,Treg,0.5
0.038409,R38Q N-term,0,3/1/2019,0,301.3937990000002,0,0,Treg,0.5
0.012803,R38Q N-term,0,3/1/2019,0,565.9250490000002,0,0,Treg,0.5
0.004268,R38Q N-term,0,3/1/2019,0,261.64624100000015,0,0,Treg,0.5
0.001423,R38Q N-term,0,3/1/2019,0,286.7326660000001,0,0,Treg,0.5
0.000474,R38Q N-term,0,3/1/2019,0,0.0,0,0,Treg,0.5
84.0,R38Q N-term,0,3/1/2019,0,25440.698487,0,0,Treg,1.0
28.0,R38Q N-term,0,3/1/2019,0,22030.821537,0,0,Treg,1.0
9.333333,R38Q N-term,0,3/1/2019,0,20634.606687,0,0,Treg,1.0
3.111,R38Q N-term,0,3/1/2019,0,10614.203367,0,0,Treg,1.0
1.037037,R38Q N-term,0,3/1/2019,0,2128.948486,0,0,Treg,1.0
0.345679,R38Q N-term,0,3/1/2019,0,417.84985400000005,0,0,Treg,1.0
0.115226,R38Q N-term,0,3/1/2019,0,545.1628419999997,0,0,Treg,1.0
0.038409,R38Q N-term,0,3/1/2019,0,739.999268,0,0,Treg,1.0
0.012803,R38Q N-term,0,3/1/2019,0,197.18322799999987,0,0,Treg,1.0
0.004268,R38Q N-term,0,3/1/2019,0,161.701904,0,0,Treg,1.0
0.001423,R38Q N-term,0,3/1/2019,0,103.7805179999998,0,0,Treg,1.0
0.000474,R38Q N-term,0,3/1/2019,0,0.0,0,0,Treg,1.0
84.0,R38Q N-term,0,3/1/2019,0,22134.448858000003,0,0,Treg,2.0
28.0,R38Q N-term,0,3/1/2019,0,21266.282838000003,0,0,Treg,2.0
9.333333,R38Q N-term,0,3/1/2019,0,20699.472288,0,0,Treg,2.0
3.111,R38Q N-term,0,3/1/2019,0,14982.749638,0,0,Treg,2.0
1.037037,R38Q N-term,0,3/1/2019,0,9663.584598,0,0,Treg,2.0
0.345679,R38Q N-term,0,3/1/2019,0,2756.849243999999,0,0,Treg,2.0
0.115226,R38Q N-term,0,3/1/2019,0,913.1492920000003,0,0,Treg,2.0
0.038409,R38Q N-term,0,3/1/2019,0,759.0352790000009,0,0,Treg,2.0
0.012803,R38Q N-term,0,3/1/2019,0,247.12390200000004,0,0,Treg,2.0
0.004268,R38Q N-term,0,3/1/2019,0,148.51648,0,0,Treg,2.0
0.001423,R38Q N-term,0,3/1/2019,0,536.054566,0,0,Treg,2.0
0.000474,R38Q N-term,0,3/1/2019,0,0.0,0,0,Treg,2.0
84.0,R38Q N-term,0,3/1/2019,0,27558.838624,0,0,Treg,4.0
28.0,R38Q N-term,0,3/1/2019,0,22037.903073999998,0,0,Treg,4.0
9.333333,R38Q N-term,0,3/1/2019,0,23566.188233999997,0,0,Treg,4.0
3.111,R38Q N-term,0,3/1/2019,0,19623.410894,0,0,Treg,4.0
1.037037,R38Q N-term,0,3/1/2019,0,18018.000733999997,0,0,Treg,4.0
0.345679,R38Q N-term,0,3/1/2019,0,15470.332764,0,0,Treg,4.0
0.115226,R38Q N-term,0,3/1/2019,0,8782.128664,0,0,Treg,4.0
0.038409,R38Q N-term,0,3/1/2019,0,2522.244385,0,0,Treg,4.0
0.012803,R38Q N-term,0,3/1/2019,0,955.973389,0,0,Treg,4.0
0.004268,R38Q N-term,0,3/1/2019,0,212.63915999999995,0,0,Treg,4.0
0.001423,R38Q N-term,0,3/1/2019,0,0.0,0,0,Treg,4.0
0.000474,R38Q N-term,0,3/1/2019,0,23.651611999999886,0,0,Treg,4.0
84.0,R38Q N-term,0,3/1/2019,0,9630.07178,0,0,Thelper,0.5
28.0,R38Q N-term,0,3/1/2019,0,4883.710449000001,0,0,Thelper,0.5
9.333333,R38Q N-term,0,3/1/2019,0,696.7993170000002,0,0,Thelper,0.5
3.111,R38Q N-term,0,3/1/2019,0,474.9345700000001,0,0,Thelper,0.5
1.037037,R38Q N-term,0,3/1/2019,0,486.41528300000004,0,0,Thelper,0.5
0.345679,R38Q N-term,0,3/1/2019,0,380.39038100000016,0,0,Thelper,0.5
0.115226,R38Q N-term,0,3/1/2019,0,384.013428,0,0,Thelper,0.5
0.038409,R38Q N-term,0,3/1/2019,0,287.95117200000004,0,0,Thelper,0.5
0.012803,R38Q N-term,0,3/1/2019,0,434.44116199999985,0,0,Thelper,0.5
0.004268,R38Q N-term,0,3/1/2019,0,317.42199700000015,0,0,Thelper,0.5
0.001423,R38Q N-term,0,3/1/2019,0,148.3516850000001,0,0,Thelper,0.5
0.000474,R38Q N-term,0,3/1/2019,0,0.0,0,0,Thelper,0.5
84.0,R38Q N-term,0,3/1/2019,0,4847.084229,0,0,Thelper,1.0
28.0,R38Q N-term,0,3/1/2019,0,3055.4177250000002,0,0,Thelper,1.0
9.333333,R38Q N-term,0,3/1/2019,0,934.7382819999998,0,0,Thelper,1.0
3.111,R38Q N-term,0,3/1/2019,0,521.668457,0,0,Thelper,1.0
1.037037,R38Q N-term,0,3/1/2019,0,379.0178229999999,0,0,Thelper,1.0
0.345679,R38Q N-term,0,3/1/2019,0,392.6851809999996,0,0,Thelper,1.0
0.115226,R38Q N-term,0,3/1/2019,0,517.0703129999999,0,0,Thelper,1.0
0.038409,R38Q N-term,0,3/1/2019,0,385.0526129999996,0,0,Thelper,1.0
0.012803,R38Q N-term,0,3/1/2019,0,468.3966069999999,0,0,Thelper,1.0
0.004268,R38Q N-term,0,3/1/2019,0,322.3726809999996,0,0,Thelper,1.0
0.001423,R38Q N-term,0,3/1/2019,0,259.9644780000001,0,0,Thelper,1.0
0.000474,R38Q N-term,0,3/1/2019,0,0.0,0,0,Thelper,1.0
84.0,R38Q N-term,0,3/1/2019,0,2767.132690999999,0,0,Thelper,2.0
28.0,R38Q N-term,0,3/1/2019,0,2363.9256589999995,0,0,Thelper,2.0
9.333333,R38Q N-term,0,3/1/2019,0,891.7557380000001,0,0,Thelper,2.0
3.111,R38Q N-term,0,3/1/2019,0,547.2850339999998,0,0,Thelper,2.0
1.037037,R38Q N-term,0,3/1/2019,0,469.3387449999998,0,0,Thelper,2.0
0.345679,R38Q N-term,0,3/1/2019,0,227.4307859999999,0,0,Thelper,2.0
0.115226,R38Q N-term,0,3/1/2019,0,269.290894,0,0,Thelper,2.0
0.038409,R38Q N-term,0,3/1/2019,0,202.0693359999998,0,0,Thelper,2.0
0.012803,R38Q N-term,0,3/1/2019,0,130.3062749999999,0,0,Thelper,2.0
0.004268,R38Q N-term,0,3/1/2019,0,210.7513429999999,0,0,Thelper,2.0
0.001423,R38Q N-term,0,3/1/2019,0,250.9481199999998,0,0,Thelper,2.0
0.000474,R38Q N-term,0,3/1/2019,0,0.0,0,0,Thelper,2.0
84.0,R38Q N-term,0,3/1/2019,0,6433.499756000001,0,0,Thelper,4.0
28.0,R38Q N-term,0,3/1/2019,0,4044.479735999999,0,0,Thelper,4.0
9.333333,R38Q N-term,0,3/1/2019,0,2854.9152830000007,0,0,Thelper,4.0
3.111,R38Q N-term,0,3/1/2019,0,1565.4230960000004,0,0,Thelper,4.0
1.037037,R38Q N-term,0,3/1/2019,0,1077.4802250000012,0,0,Thelper,4.0
0.345679,R38Q N-term,0,3/1/2019,0,711.9855960000004,0,0,Thelper,4.0
0.115226,R38Q N-term,0,3/1/2019,0,424.8237310000004,0,0,Thelper,4.0
0.038409,R38Q N-term,0,3/1/2019,0,282.3630370000003,0,0,Thelper,4.0
0.012803,R38Q N-term,0,3/1/2019,0,229.18579100000034,0,0,Thelper,4.0
0.004268,R38Q N-term,0,3/1/2019,0,210.43176300000027,0,0,Thelper,4.0
0.001423,R38Q N-term,0,3/1/2019,0,197.5517580000003,0,0,Thelper,4.0
0.000474,R38Q N-term,0,3/1/2019,0,0.0,0,0,Thelper,4.0
84.0,F42Q N-Term,0,3/1/2019,0,3146.619751,0,0,NK,0.5
28.0,F42Q N-Term,0,3/1/2019,0,2016.6073,0,0,NK,0.5
9.333333,F42Q N-Term,0,3/1/2019,0,382.30737299999964,0,0,NK,0.5
3.111,F42Q N-Term,0,3/1/2019,0,352.8778080000004,0,0,NK,0.5
1.037037,F42Q N-Term,0,3/1/2019,0,299.614014,0,0,NK,0.5
0.345679,F42Q N-Term,0,3/1/2019,0,91.63049300000011,0,0,NK,0.5
0.115226,F42Q N-Term,0,3/1/2019,0,58.69201700000008,0,0,NK,0.5
0.038409,F42Q N-Term,0,3/1/2019,0,149.31005900000014,0,0,NK,0.5
0.012803,F42Q N-Term,0,3/1/2019,0,205.6485600000001,0,0,NK,0.5
0.004268,F42Q N-Term,0,3/1/2019,0,224.66687000000002,0,0,NK,0.5
0.001423,F42Q N-Term,0,3/1/2019,0,6.53979500000014,0,0,NK,0.5
0.000474,F42Q N-Term,0,3/1/2019,0,0.0,0,0,NK,0.5
84.0,F42Q N-Term,0,3/1/2019,0,3107.6705935,0,0,NK,1.0
28.0,F42Q N-Term,0,3/1/2019,0,2313.8402715,0,0,NK,1.0
9.333333,F42Q N-Term,0,3/1/2019,0,674.5307005000001,0,0,NK,1.0
3.111,F42Q N-Term,0,3/1/2019,0,384.2844845000001,0,0,NK,1.0
1.037037,F42Q N-Term,0,3/1/2019,0,9.52252199999998,0,0,NK,1.0
0.345679,F42Q N-Term,0,3/1/2019,0,476.79119849999995,0,0,NK,1.0
0.115226,F42Q N-Term,0,3/1/2019,0,310.20306350000044,0,0,NK,1.0
0.038409,F42Q N-Term,0,3/1/2019,0,310.00909450000006,0,0,NK,1.0
0.012803,F42Q N-Term,0,3/1/2019,0,153.99285850000012,0,0,NK,1.0
0.004268,F42Q N-Term,0,3/1/2019,0,316.5813595000001,0,0,NK,1.0
0.001423,F42Q N-Term,0,3/1/2019,0,88.0502315,0,0,NK,1.0
0.000474,F42Q N-Term,0,3/1/2019,0,0.0,0,0,NK,1.0
84.0,F42Q N-Term,0,3/1/2019,0,2302.6108400000003,0,0,NK,2.0
28.0,F42Q N-Term,0,3/1/2019,0,2507.1933599999998,0,0,NK,2.0
9.333333,F42Q N-Term,0,3/1/2019,0,634.0997319999999,0,0,NK,2.0
3.111,F42Q N-Term,0,3/1/2019,0,560.4971929999999,0,0,NK,2.0
1.037037,F42Q N-Term,0,3/1/2019,0,296.1666259999995,0,0,NK,2.0
0.345679,F42Q N-Term,0,3/1/2019,0,149.71435599999995,0,0,NK,2.0
0.115226,F42Q N-Term,0,3/1/2019,0,82.1352539999998,0,0,NK,2.0
0.038409,F42Q N-Term,0,3/1/2019,0,180.9785159999999,0,0,NK,2.0
0.012803,F42Q N-Term,0,3/1/2019,0,58.303588999999874,0,0,NK,2.0
0.004268,F42Q N-Term,0,3/1/2019,0,1.5415039999998044,0,0,NK,2.0
0.001423,F42Q N-Term,0,3/1/2019,0,59.159423999999944,0,0,NK,2.0
0.000474,F42Q N-Term,0,3/1/2019,0,0.0,0,0,NK,2.0
84.0,F42Q N-Term,0,3/1/2019,0,1970.884644,0,0,NK,4.0
28.0,F42Q N-Term,0,3/1/2019,0,2002.8607179999997,0,0,NK,4.0
9.333333,F42Q N-Term,0,3/1/2019,0,1785.353394,0,0,NK,4.0
3.111,F42Q N-Term,0,3/1/2019,0,1196.8299559999998,0,0,NK,4.0
1.037037,F42Q N-Term,0,3/1/2019,0,819.975952,0,0,NK,4.0
0.345679,F42Q N-Term,0,3/1/2019,0,237.0238039999997,0,0,NK,4.0
0.115226,F42Q N-Term,0,3/1/2019,0,421.1361089999998,0,0,NK,4.0
0.038409,F42Q N-Term,0,3/1/2019,0,0.0,0,0,NK,4.0
0.012803,F42Q N-Term,0,3/1/2019,0,328.437866,0,0,NK,4.0
0.004268,F42Q N-Term,0,3/1/2019,0,201.4283449999998,0,0,NK,4.0
0.001423,F42Q N-Term,0,3/1/2019,0,122.15978999999993,0,0,NK,4.0
0.000474,F42Q N-Term,0,3/1/2019,0,224.10510299999987,0,0,NK,4.0
84.0,F42Q N-Term,0,3/1/2019,0,5188.4562989999995,0,0,CD8,0.5
28.0,F42Q N-Term,0,3/1/2019,0,2411.177246,0,0,CD8,0.5
9.333333,F42Q N-Term,0,3/1/2019,0,177.4265130000001,0,0,CD8,0.5
3.111,F42Q N-Term,0,3/1/2019,0,304.9776610000001,0,0,CD8,0.5
1.037037,F42Q N-Term,0,3/1/2019,0,336.9353020000001,0,0,CD8,0.5
0.345679,F42Q N-Term,0,3/1/2019,0,174.86767500000042,0,0,CD8,0.5
0.115226,F42Q N-Term,0,3/1/2019,0,129.578125,0,0,CD8,0.5
0.038409,F42Q N-Term,0,3/1/2019,0,112.73632799999996,0,0,CD8,0.5
0.012803,F42Q N-Term,0,3/1/2019,0,240.2027579999999,0,0,CD8,0.5
0.004268,F42Q N-Term,0,3/1/2019,0,177.6613769999999,0,0,CD8,0.5
0.001423,F42Q N-Term,0,3/1/2019,0,6.336913999999979,0,0,CD8,0.5
0.000474,F42Q N-Term,0,3/1/2019,0,0.0,0,0,CD8,0.5
84.0,F42Q N-Term,0,3/1/2019,0,4254.8887331,0,0,CD8,1.0
28.0,F42Q N-Term,0,3/1/2019,0,1924.1057741000002,0,0,CD8,1.0
9.333333,F42Q N-Term,0,3/1/2019,0,420.2807011,0,0,CD8,1.0
3.111,F42Q N-Term,0,3/1/2019,0,253.35443110000006,0,0,CD8,1.0
1.037037,F42Q N-Term,0,3/1/2019,0,0.0,0,0,CD8,1.0
0.345679,F42Q N-Term,0,3/1/2019,0,264.2384641000001,0,0,CD8,1.0
0.115226,F42Q N-Term,0,3/1/2019,0,174.98407010000005,0,0,CD8,1.0
0.038409,F42Q N-Term,0,3/1/2019,0,269.3645631000004,0,0,CD8,1.0
0.012803,F42Q N-Term,0,3/1/2019,0,159.3423461,0,0,CD8,1.0
0.004268,F42Q N-Term,0,3/1/2019,0,200.1087031000004,0,0,CD8,1.0
0.001423,F42Q N-Term,0,3/1/2019,0,41.26251220000006,0,0,CD8,1.0
0.000474,F42Q N-Term,0,3/1/2019,0,19.55603020000001,0,0,CD8,1.0
84.0,F42Q N-Term,0,3/1/2019,0,3230.7028809999997,0,0,CD8,2.0
28.0,F42Q N-Term,0,3/1/2019,0,2024.626221,0,0,CD8,2.0
9.333333,F42Q N-Term,0,3/1/2019,0,394.03442399999994,0,0,CD8,2.0
3.111,F42Q N-Term,0,3/1/2019,0,409.62146000000007,0,0,CD8,2.0
1.037037,F42Q N-Term,0,3/1/2019,0,219.48852499999998,0,0,CD8,2.0
0.345679,F42Q N-Term,0,3/1/2019,0,100.77758800000015,0,0,CD8,2.0
0.115226,F42Q N-Term,0,3/1/2019,0,99.8880610000001,0,0,CD8,2.0
0.038409,F42Q N-Term,0,3/1/2019,0,86.85790999999995,0,0,CD8,2.0
0.012803,F42Q N-Term,0,3/1/2019,0,71.34069799999997,0,0,CD8,2.0
0.004268,F42Q N-Term,0,3/1/2019,0,76.38818300000003,0,0,CD8,2.0
0.001423,F42Q N-Term,0,3/1/2019,0,6.773681000000124,0,0,CD8,2.0
0.000474,F42Q N-Term,0,3/1/2019,0,0.0,0,0,CD8,2.0
84.0,F42Q N-Term,0,3/1/2019,0,3379.7685540000007,0,0,CD8,4.0
28.0,F42Q N-Term,0,3/1/2019,0,2662.7148429999997,0,0,CD8,4.0
9.333333,F42Q N-Term,0,3/1/2019,0,1346.62207,0,0,CD8,4.0
3.111,F42Q N-Term,0,3/1/2019,0,629.4388419999998,0,0,CD8,4.0
1.037037,F42Q N-Term,0,3/1/2019,0,438.0996089999999,0,0,CD8,4.0
0.345679,F42Q N-Term,0,3/1/2019,0,129.4304199999999,0,0,CD8,4.0
0.115226,F42Q N-Term,0,3/1/2019,0,212.6824949999998,0,0,CD8,4.0
0.038409,F42Q N-Term,0,3/1/2019,0,0.0,0,0,CD8,4.0
0.012803,F42Q N-Term,0,3/1/2019,0,185.15063399999985,0,0,CD8,4.0
0.004268,F42Q N-Term,0,3/1/2019,0,59.3135979999995,0,0,CD8,4.0
0.001423,F42Q N-Term,0,3/1/2019,0,46.292236,0,0,CD8,4.0
0.000474,F42Q N-Term,0,3/1/2019,0,61.992552999999816,0,0,CD8,4.0
84.0,F42Q N-Term,0,3/1/2019,0,41758.237551,0,0,Treg,0.5
28.0,F42Q N-Term,0,3/1/2019,0,34502.382081,0,0,Treg,0.5
9.333333,F42Q N-Term,0,3/1/2019,0,3133.7775880000013,0,0,Treg,0.5
3.111,F42Q N-Term,0,3/1/2019,0,1297.1042479999996,0,0,Treg,0.5
1.037037,F42Q N-Term,0,3/1/2019,0,1186.4865719999998,0,0,Treg,0.5
0.345679,F42Q N-Term,0,3/1/2019,0,829.952636,0,0,Treg,0.5
0.115226,F42Q N-Term,0,3/1/2019,0,475.5983879999999,0,0,Treg,0.5
0.038409,F42Q N-Term,0,3/1/2019,0,496.6145019999999,0,0,Treg,0.5
0.012803,F42Q N-Term,0,3/1/2019,0,1106.8659659999998,0,0,Treg,0.5
0.004268,F42Q N-Term,0,3/1/2019,0,644.6687009999996,0,0,Treg,0.5
0.001423,F42Q N-Term,0,3/1/2019,0,151.7185059999997,0,0,Treg,0.5
0.000474,F42Q N-Term,0,3/1/2019,0,0.0,0,0,Treg,0.5
84.0,F42Q N-Term,0,3/1/2019,0,35719.404293,0,0,Treg,1.0
28.0,F42Q N-Term,0,3/1/2019,0,29947.035153,0,0,Treg,1.0
9.333333,F42Q N-Term,0,3/1/2019,0,2540.8447259999984,0,0,Treg,1.0
3.111,F42Q N-Term,0,3/1/2019,0,3071.199218999999,0,0,Treg,1.0
1.037037,F42Q N-Term,0,3/1/2019,0,882.1586910000001,0,0,Treg,1.0
0.345679,F42Q N-Term,0,3/1/2019,0,696.7875979999999,0,0,Treg,1.0
0.115226,F42Q N-Term,0,3/1/2019,0,851.186279,0,0,Treg,1.0
0.038409,F42Q N-Term,0,3/1/2019,0,602.5161130000001,0,0,Treg,1.0
0.012803,F42Q N-Term,0,3/1/2019,0,579.0415040000007,0,0,Treg,1.0
0.004268,F42Q N-Term,0,3/1/2019,0,1086.63623,0,0,Treg,1.0
0.001423,F42Q N-Term,0,3/1/2019,0,249.59155299999975,0,0,Treg,1.0
0.000474,F42Q N-Term,0,3/1/2019,0,0.0,0,0,Treg,1.0
84.0,F42Q N-Term,0,3/1/2019,0,33519.550781,0,0,Treg,2.0
28.0,F42Q N-Term,0,3/1/2019,0,27179.089841000008,0,0,Treg,2.0
9.333333,F42Q N-Term,0,3/1/2019,0,8220.662111,0,0,Treg,2.0
3.111,F42Q N-Term,0,3/1/2019,0,4688.966796999999,0,0,Treg,2.0
1.037037,F42Q N-Term,0,3/1/2019,0,1283.0998529999997,0,0,Treg,2.0
0.345679,F42Q N-Term,0,3/1/2019,0,394.7314449999999,0,0,Treg,2.0
0.115226,F42Q N-Term,0,3/1/2019,0,379.60717699999987,0,0,Treg,2.0
0.038409,F42Q N-Term,0,3/1/2019,0,343.459961,0,0,Treg,2.0
0.012803,F42Q N-Term,0,3/1/2019,0,69.92578099999992,0,0,Treg,2.0
0.004268,F42Q N-Term,0,3/1/2019,0,246.95751900000005,0,0,Treg,2.0
0.001423,F42Q N-Term,0,3/1/2019,0,196.81005800000003,0,0,Treg,2.0
0.000474,F42Q N-Term,0,3/1/2019,0,0.0,0,0,Treg,2.0
84.0,F42Q N-Term,0,3/1/2019,0,27039.347416,0,0,Treg,4.0
28.0,F42Q N-Term,0,3/1/2019,0,30115.007566,0,0,Treg,4.0
9.333333,F42Q N-Term,0,3/1/2019,0,22989.095456,0,0,Treg,4.0
3.111,F42Q N-Term,0,3/1/2019,0,15859.099365999999,0,0,Treg,4.0
1.037037,F42Q N-Term,0,3/1/2019,0,8540.913816,0,0,Treg,4.0
0.345679,F42Q N-Term,0,3/1/2019,0,3578.262939,0,0,Treg,4.0
0.115226,F42Q N-Term,0,3/1/2019,0,983.7883299999999,0,0,Treg,4.0
0.038409,F42Q N-Term,0,3/1/2019,0,640.1418450000001,0,0,Treg,4.0
0.012803,F42Q N-Term,0,3/1/2019,0,0.0,0,0,Treg,4.0
0.004268,F42Q N-Term,0,3/1/2019,0,149.85668899999973,0,0,Treg,4.0
0.001423,F42Q N-Term,0,3/1/2019,0,594.421386,0,0,Treg,4.0
0.000474,F42Q N-Term,0,3/1/2019,0,497.75317300000006,0,0,Treg,4.0
84.0,F42Q N-Term,0,3/1/2019,0,13902.399903999998,0,0,Thelper,0.5
28.0,F42Q N-Term,0,3/1/2019,0,4548.746094,0,0,Thelper,0.5
9.333333,F42Q N-Term,0,3/1/2019,0,791.3566900000001,0,0,Thelper,0.5
3.111,F42Q N-Term,0,3/1/2019,0,528.631836,0,0,Thelper,0.5
1.037037,F42Q N-Term,0,3/1/2019,0,487.75586000000067,0,0,Thelper,0.5
0.345679,F42Q N-Term,0,3/1/2019,0,545.654297,0,0,Thelper,0.5
0.115226,F42Q N-Term,0,3/1/2019,0,394.6977539999998,0,0,Thelper,0.5
0.038409,F42Q N-Term,0,3/1/2019,0,402.7058109999998,0,0,Thelper,0.5
0.012803,F42Q N-Term,0,3/1/2019,0,455.91357500000004,0,0,Thelper,0.5
0.004268,F42Q N-Term,0,3/1/2019,0,436.58398500000067,0,0,Thelper,0.5
0.001423,F42Q N-Term,0,3/1/2019,0,206.6728519999997,0,0,Thelper,0.5
0.000474,F42Q N-Term,0,3/1/2019,0,0.0,0,0,Thelper,0.5
84.0,F42Q N-Term,0,3/1/2019,0,7200.2749029999995,0,0,Thelper,1.0
28.0,F42Q N-Term,0,3/1/2019,0,2971.420409999999,0,0,Thelper,1.0
9.333333,F42Q N-Term,0,3/1/2019,0,629.090821,0,0,Thelper,1.0
3.111,F42Q N-Term,0,3/1/2019,0,741.6943360000002,0,0,Thelper,1.0
1.037037,F42Q N-Term,0,3/1/2019,0,457.24804700000027,0,0,Thelper,1.0
0.345679,F42Q N-Term,0,3/1/2019,0,554.7609869999999,0,0,Thelper,1.0
0.115226,F42Q N-Term,0,3/1/2019,0,381.02929700000027,0,0,Thelper,1.0
0.038409,F42Q N-Term,0,3/1/2019,0,351.1037600000002,0,0,Thelper,1.0
0.012803,F42Q N-Term,0,3/1/2019,0,500.3098150000003,0,0,Thelper,1.0
0.004268,F42Q N-Term,0,3/1/2019,0,466.65649400000007,0,0,Thelper,1.0
0.001423,F42Q N-Term,0,3/1/2019,0,198.6853030000002,0,0,Thelper,1.0
0.000474,F42Q N-Term,0,3/1/2019,0,0.0,0,0,Thelper,1.0
84.0,F42Q N-Term,0,3/1/2019,0,3460.648437,0,0,Thelper,2.0
28.0,F42Q N-Term,0,3/1/2019,0,2097.107666,0,0,Thelper,2.0
9.333333,F42Q N-Term,0,3/1/2019,0,382.63940400000024,0,0,Thelper,2.0
3.111,F42Q N-Term,0,3/1/2019,0,350.2233880000001,0,0,Thelper,2.0
1.037037,F42Q N-Term,0,3/1/2019,0,209.46264600000018,0,0,Thelper,2.0
0.345679,F42Q N-Term,0,3/1/2019,0,115.72338800000011,0,0,Thelper,2.0
0.115226,F42Q N-Term,0,3/1/2019,0,104.69946200000004,0,0,Thelper,2.0
0.038409,F42Q N-Term,0,3/1/2019,0,70.339111,0,0,Thelper,2.0
0.012803,F42Q N-Term,0,3/1/2019,0,102.34460400000057,0,0,Thelper,2.0
0.004268,F42Q N-Term,0,3/1/2019,0,154.05615199999988,0,0,Thelper,2.0
0.001423,F42Q N-Term,0,3/1/2019,0,0.0,0,0,Thelper,2.0
0.000474,F42Q N-Term,0,3/1/2019,0,74.87719700000002,0,0,Thelper,2.0
84.0,F42Q N-Term,0,3/1/2019,0,4377.697265999999,0,0,Thelper,4.0
28.0,F42Q N-Term,0,3/1/2019,0,3402.9208989999993,0,0,Thelper,4.0
9.333333,F42Q N-Term,0,3/1/2019,0,1429.1240240000002,0,0,Thelper,4.0
3.111,F42Q N-Term,0,3/1/2019,0,855.9953620000001,0,0,Thelper,4.0
1.037037,F42Q N-Term,0,3/1/2019,0,107.44897500000002,0,0,Thelper,4.0
0.345679,F42Q N-Term,0,3/1/2019,0,238.3576660000001,0,0,Thelper,4.0
0.115226,F42Q N-Term,0,3/1/2019,0,113.07788100000016,0,0,Thelper,4.0
0.038409,F42Q N-Term,0,3/1/2019,0,0.0,0,0,Thelper,4.0
0.012803,F42Q N-Term,0,3/1/2019,0,26.395629999999983,0,0,Thelper,4.0
0.004268,F42Q N-Term,0,3/1/2019,0,162.4991460000001,0,0,Thelper,4.0
0.001423,F42Q N-Term,0,3/1/2019,0,145.84228500000017,0,0,Thelper,4.0
0.000474,F42Q N-Term,0,3/1/2019,0,298.181153,0,0,Thelper,4.0
84.0,N88D C-term,0,3/1/2019,0,850.6054690000001,0,0,NK,0.5
28.0,N88D C-term,0,3/1/2019,0,809.2062990000002,0,0,NK,0.5
9.333333,N88D C-term,0,3/1/2019,0,337.964111,0,0,NK,0.5
3.111,N88D C-term,0,3/1/2019,0,497.8496090000001,0,0,NK,0.5
1.037037,N88D C-term,0,3/1/2019,0,412.1252440000003,0,0,NK,0.5
0.345679,N88D C-term,0,3/1/2019,0,516.5383300000001,0,0,NK,0.5
0.115226,N88D C-term,0,3/1/2019,0,395.49682600000006,0,0,NK,0.5
0.038409,N88D C-term,0,3/1/2019,0,234.175659,0,0,NK,0.5
0.012803,N88D C-term,0,3/1/2019,0,261.6734620000002,0,0,NK,0.5
0.004268,N88D C-term,0,3/1/2019,0,115.4479980000001,0,0,NK,0.5
0.001423,N88D C-term,0,3/1/2019,0,0.0,0,0,NK,0.5
0.000474,N88D C-term,0,3/1/2019,0,145.92272900000012,0,0,NK,0.5
84.0,N88D C-term,0,3/1/2019,0,803.0097659999999,0,0,NK,1.0
28.0,N88D C-term,0,3/1/2019,0,1103.337891,0,0,NK,1.0
9.333333,N88D C-term,0,3/1/2019,0,563.3520509999998,0,0,NK,1.0
3.111,N88D C-term,0,3/1/2019,0,519.253174,0,0,NK,1.0
1.037037,N88D C-term,0,3/1/2019,0,398.1420899999998,0,0,NK,1.0
0.345679,N88D C-term,0,3/1/2019,0,554.409424,0,0,NK,1.0
0.115226,N88D C-term,0,3/1/2019,0,223.81921399999987,0,0,NK,1.0
0.038409,N88D C-term,0,3/1/2019,0,221.337403,0,0,NK,1.0
0.012803,N88D C-term,0,3/1/2019,0,133.602662,0,0,NK,1.0
0.004268,N88D C-term,0,3/1/2019,0,111.44885299999987,0,0,NK,1.0
0.001423,N88D C-term,0,3/1/2019,0,7.242675999999847,0,0,NK,1.0
0.000474,N88D C-term,0,3/1/2019,0,0.0,0,0,NK,1.0
84.0,N88D C-term,0,3/1/2019,0,763.9113770000001,0,0,NK,2.0
28.0,N88D C-term,0,3/1/2019,0,656.7133780000001,0,0,NK,2.0
9.333333,N88D C-term,0,3/1/2019,0,629.6350089999999,0,0,NK,2.0
3.111,N88D C-term,0,3/1/2019,0,371.41308600000025,0,0,NK,2.0
1.037037,N88D C-term,0,3/1/2019,0,366.62084900000013,0,0,NK,2.0
0.345679,N88D C-term,0,3/1/2019,0,163.68212800000015,0,0,NK,2.0
0.115226,N88D C-term,0,3/1/2019,0,0.0,0,0,NK,2.0
0.038409,N88D C-term,0,3/1/2019,0,82.73693800000001,0,0,NK,2.0
0.012803,N88D C-term,0,3/1/2019,0,30.335083000000168,0,0,NK,2.0
0.004268,N88D C-term,0,3/1/2019,0,40.20458900000017,0,0,NK,2.0
0.001423,N88D C-term,0,3/1/2019,0,75.43212800000015,0,0,NK,2.0
0.000474,N88D C-term,0,3/1/2019,0,45.05297800000017,0,0,NK,2.0
84.0,N88D C-term,0,3/1/2019,0,1908.6700440000002,0,0,NK,4.0
28.0,N88D C-term,0,3/1/2019,0,1578.3206790000002,0,0,NK,4.0
9.333333,N88D C-term,0,3/1/2019,0,1526.845825,0,0,NK,4.0
3.111,N88D C-term,0,3/1/2019,0,1631.151733,0,0,NK,4.0
1.037037,N88D C-term,0,3/1/2019,0,1397.6456300000002,0,0,NK,4.0
0.345679,N88D C-term,0,3/1/2019,0,1116.156616,0,0,NK,4.0
0.115226,N88D C-term,0,3/1/2019,0,1052.7025150000002,0,0,NK,4.0
0.038409,N88D C-term,0,3/1/2019,0,875.740845,0,0,NK,4.0
0.012803,N88D C-term,0,3/1/2019,0,921.7689210000001,0,0,NK,4.0
0.004268,N88D C-term,0,3/1/2019,0,690.5701900000001,0,0,NK,4.0
0.001423,N88D C-term,0,3/1/2019,0,331.44177300000047,0,0,NK,4.0
0.000474,N88D C-term,0,3/1/2019,0,0.0,0,0,NK,4.0
84.0,N88D C-term,0,3/1/2019,0,532.776245,0,0,CD8,0.5
28.0,N88D C-term,0,3/1/2019,0,520.509399,0,0,CD8,0.5
9.333333,N88D C-term,0,3/1/2019,0,247.1845699999999,0,0,CD8,0.5
3.111,N88D C-term,0,3/1/2019,0,301.21862799999985,0,0,CD8,0.5
1.037037,N88D C-term,0,3/1/2019,0,237.33972100000005,0,0,CD8,0.5
0.345679,N88D C-term,0,3/1/2019,0,340.13879399999996,0,0,CD8,0.5
0.115226,N88D C-term,0,3/1/2019,0,202.68591300000003,0,0,CD8,0.5
0.038409,N88D C-term,0,3/1/2019,0,127.1457519999999,0,0,CD8,0.5
0.012803,N88D C-term,0,3/1/2019,0,134.14880300000004,0,0,CD8,0.5
0.004268,N88D C-term,0,3/1/2019,0,66.25829999999996,0,0,CD8,0.5
0.001423,N88D C-term,0,3/1/2019,0,0.0,0,0,CD8,0.5
0.000474,N88D C-term,0,3/1/2019,0,58.4455559999999,0,0,CD8,0.5
84.0,N88D C-term,0,3/1/2019,0,720.373779,0,0,CD8,1.0
28.0,N88D C-term,0,3/1/2019,0,712.1613770000001,0,0,CD8,1.0
9.333333,N88D C-term,0,3/1/2019,0,378.57665999999995,0,0,CD8,1.0
3.111,N88D C-term,0,3/1/2019,0,392.88891599999965,0,0,CD8,1.0
1.037037,N88D C-term,0,3/1/2019,0,234.18994199999997,0,0,CD8,1.0
0.345679,N88D C-term,0,3/1/2019,0,372.174072,0,0,CD8,1.0
0.115226,N88D C-term,0,3/1/2019,0,165.10717800000043,0,0,CD8,1.0
0.038409,N88D C-term,0,3/1/2019,0,146.25586000000044,0,0,CD8,1.0
0.012803,N88D C-term,0,3/1/2019,0,79.42407200000002,0,0,CD8,1.0
0.004268,N88D C-term,0,3/1/2019,0,37.32031299999994,0,0,CD8,1.0
0.001423,N88D C-term,0,3/1/2019,0,19.744507000000112,0,0,CD8,1.0
0.000474,N88D C-term,0,3/1/2019,0,0.0,0,0,CD8,1.0
84.0,N88D C-term,0,3/1/2019,0,625.2994379999998,0,0,CD8,2.0
28.0,N88D C-term,0,3/1/2019,0,510.0166009999996,0,0,CD8,2.0
9.333333,N88D C-term,0,3/1/2019,0,373.48046899999963,0,0,CD8,2.0
3.111,N88D C-term,0,3/1/2019,0,144.8850099999995,0,0,CD8,2.0
1.037037,N88D C-term,0,3/1/2019,0,265.1826169999997,0,0,CD8,2.0
0.345679,N88D C-term,0,3/1/2019,0,30.349608999999646,0,0,CD8,2.0
0.115226,N88D C-term,0,3/1/2019,0,59.911986999999726,0,0,CD8,2.0
0.038409,N88D C-term,0,3/1/2019,0,165.7167969999996,0,0,CD8,2.0
0.012803,N88D C-term,0,3/1/2019,0,27.503539999999703,0,0,CD8,2.0
0.004268,N88D C-term,0,3/1/2019,0,0.0,0,0,CD8,2.0
0.001423,N88D C-term,0,3/1/2019,0,102.55126899999959,0,0,CD8,2.0
0.000474,N88D C-term,0,3/1/2019,0,100.11108399999966,0,0,CD8,2.0
84.0,N88D C-term,0,3/1/2019,0,1527.8078610000002,0,0,CD8,4.0
28.0,N88D C-term,0,3/1/2019,0,1270.8566890000002,0,0,CD8,4.0
9.333333,N88D C-term,0,3/1/2019,0,1222.2658690000003,0,0,CD8,4.0
3.111,N88D C-term,0,3/1/2019,0,1176.8303220000012,0,0,CD8,4.0
1.037037,N88D C-term,0,3/1/2019,0,1056.3869620000005,0,0,CD8,4.0
0.345679,N88D C-term,0,3/1/2019,0,805.6613760000005,0,0,CD8,4.0
0.115226,N88D C-term,0,3/1/2019,0,753.0952140000004,0,0,CD8,4.0
0.038409,N88D C-term,0,3/1/2019,0,665.3129880000008,0,0,CD8,4.0
0.012803,N88D C-term,0,3/1/2019,0,694.4847410000004,0,0,CD8,4.0
0.004268,N88D C-term,0,3/1/2019,0,517.8935540000004,0,0,CD8,4.0
0.001423,N88D C-term,0,3/1/2019,0,152.77270500000031,0,0,CD8,4.0
0.000474,N88D C-term,0,3/1/2019,0,0.0,0,0,CD8,4.0
84.0,N88D C-term,0,3/1/2019,0,31361.550659,0,0,Treg,0.5
28.0,N88D C-term,0,3/1/2019,0,19711.681519,0,0,Treg,0.5
9.333333,N88D C-term,0,3/1/2019,0,1216.89685,0,0,Treg,0.5
3.111,N88D C-term,0,3/1/2019,0,470.7242430000001,0,0,Treg,0.5
1.037037,N88D C-term,0,3/1/2019,0,740.0389399999999,0,0,Treg,0.5
0.345679,N88D C-term,0,3/1/2019,0,636.3165280000007,0,0,Treg,0.5
0.115226,N88D C-term,0,3/1/2019,0,497.1937250000001,0,0,Treg,0.5
0.038409,N88D C-term,0,3/1/2019,0,698.8819579999999,0,0,Treg,0.5
0.012803,N88D C-term,0,3/1/2019,0,324.8892820000001,0,0,Treg,0.5
0.004268,N88D C-term,0,3/1/2019,0,388.050659,0,0,Treg,0.5
0.001423,N88D C-term,0,3/1/2019,0,199.79138199999989,0,0,Treg,0.5
0.000474,N88D C-term,0,3/1/2019,0,0.0,0,0,Treg,0.5
84.0,N88D C-term,0,3/1/2019,0,28314.490972000003,0,0,Treg,1.0
28.0,N88D C-term,0,3/1/2019,0,21653.916752,0,0,Treg,1.0
9.333333,N88D C-term,0,3/1/2019,0,1603.026123,0,0,Treg,1.0
3.111,N88D C-term,0,3/1/2019,0,2019.4519050000004,0,0,Treg,1.0
1.037037,N88D C-term,0,3/1/2019,0,598.4846190000003,0,0,Treg,1.0
0.345679,N88D C-term,0,3/1/2019,0,55.5,0,0,Treg,1.0
0.115226,N88D C-term,0,3/1/2019,0,148.15356500000007,0,0,Treg,1.0
0.038409,N88D C-term,0,3/1/2019,0,183.8706060000004,0,0,Treg,1.0
0.012803,N88D C-term,0,3/1/2019,0,32.61596700000018,0,0,Treg,1.0
0.004268,N88D C-term,0,3/1/2019,0,512.6953130000002,0,0,Treg,1.0
0.001423,N88D C-term,0,3/1/2019,0,0.0,0,0,Treg,1.0
0.000474,N88D C-term,0,3/1/2019,0,428.57006900000033,0,0,Treg,1.0
84.0,N88D C-term,0,3/1/2019,0,24277.324707999996,0,0,Treg,2.0
28.0,N88D C-term,0,3/1/2019,0,20996.182127999997,0,0,Treg,2.0
9.333333,N88D C-term,0,3/1/2019,0,8402.111818,0,0,Treg,2.0
3.111,N88D C-term,0,3/1/2019,0,2357.646972,0,0,Treg,2.0
1.037037,N88D C-term,0,3/1/2019,0,1424.5671379999994,0,0,Treg,2.0
0.345679,N88D C-term,0,3/1/2019,0,777.8203119999994,0,0,Treg,2.0
0.115226,N88D C-term,0,3/1/2019,0,167.761473999999,0,0,Treg,2.0
0.038409,N88D C-term,0,3/1/2019,0,12.668212999999014,0,0,Treg,2.0
0.012803,N88D C-term,0,3/1/2019,0,593.9895019999994,0,0,Treg,2.0
0.004268,N88D C-term,0,3/1/2019,0,607.2473139999993,0,0,Treg,2.0
0.001423,N88D C-term,0,3/1/2019,0,0.0,0,0,Treg,2.0
0.000474,N88D C-term,0,3/1/2019,0,390.90478499999926,0,0,Treg,2.0
84.0,N88D C-term,0,3/1/2019,0,27930.217527000004,0,0,Treg,4.0
28.0,N88D C-term,0,3/1/2019,0,26118.436277000008,0,0,Treg,4.0
9.333333,N88D C-term,0,3/1/2019,0,23721.334717,0,0,Treg,4.0
3.111,N88D C-term,0,3/1/2019,0,15811.951907,0,0,Treg,4.0
1.037037,N88D C-term,0,3/1/2019,0,9844.882567,0,0,Treg,4.0
0.345679,N88D C-term,0,3/1/2019,0,3597.4133300000017,0,0,Treg,4.0
0.115226,N88D C-term,0,3/1/2019,0,2731.637451000001,0,0,Treg,4.0
0.038409,N88D C-term,0,3/1/2019,0,1143.9333500000002,0,0,Treg,4.0
0.012803,N88D C-term,0,3/1/2019,0,940.6762700000004,0,0,Treg,4.0
0.004268,N88D C-term,0,3/1/2019,0,546.9167480000001,0,0,Treg,4.0
0.001423,N88D C-term,0,3/1/2019,0,0.0,0,0,Treg,4.0
0.000474,N88D C-term,0,3/1/2019,0,195.84887700000036,0,0,Treg,4.0
84.0,N88D C-term,0,3/1/2019,0,1476.9520260000002,0,0,Thelper,0.5
28.0,N88D C-term,0,3/1/2019,0,581.3182370000002,0,0,Thelper,0.5
9.333333,N88D C-term,0,3/1/2019,0,331.84423800000013,0,0,Thelper,0.5
3.111,N88D C-term,0,3/1/2019,0,122.85522500000002,0,0,Thelper,0.5
1.037037,N88D C-term,0,3/1/2019,0,133.1705320000001,0,0,Thelper,0.5
0.345679,N88D C-term,0,3/1/2019,0,182.42590300000006,0,0,Thelper,0.5
0.115226,N88D C-term,0,3/1/2019,0,284.0417480000001,0,0,Thelper,0.5
0.038409,N88D C-term,0,3/1/2019,0,118.70129399999996,0,0,Thelper,0.5
0.012803,N88D C-term,0,3/1/2019,0,6.151245000000472,0,0,Thelper,0.5
0.004268,N88D C-term,0,3/1/2019,0,193.5620120000001,0,0,Thelper,0.5
0.001423,N88D C-term,0,3/1/2019,0,0.0,0,0,Thelper,0.5
0.000474,N88D C-term,0,3/1/2019,0,62.29492200000027,0,0,Thelper,0.5
84.0,N88D C-term,0,3/1/2019,0,1483.226685,0,0,Thelper,1.0
28.0,N88D C-term,0,3/1/2019,0,811.6593020000005,0,0,Thelper,1.0
9.333333,N88D C-term,0,3/1/2019,0,173.9031990000001,0,0,Thelper,1.0
3.111,N88D C-term,0,3/1/2019,0,438.6427010000002,0,0,Thelper,1.0
1.037037,N88D C-term,0,3/1/2019,0,129.59167500000012,0,0,Thelper,1.0
0.345679,N88D C-term,0,3/1/2019,0,157.41223200000013,0,0,Thelper,1.0
0.115226,N88D C-term,0,3/1/2019,0,151.82458500000007,0,0,Thelper,1.0
0.038409,N88D C-term,0,3/1/2019,0,169.3035890000001,0,0,Thelper,1.0
0.012803,N88D C-term,0,3/1/2019,0,123.25170900000012,0,0,Thelper,1.0
0.004268,N88D C-term,0,3/1/2019,0,36.196777999999995,0,0,Thelper,1.0
0.001423,N88D C-term,0,3/1/2019,0,0.0,0,0,Thelper,1.0
0.000474,N88D C-term,0,3/1/2019,0,132.630494,0,0,Thelper,1.0
84.0,N88D C-term,0,3/1/2019,0,1593.6379399999998,0,0,Thelper,2.0
28.0,N88D C-term,0,3/1/2019,0,1006.139649,0,0,Thelper,2.0
9.333333,N88D C-term,0,3/1/2019,0,370.09863300000006,0,0,Thelper,2.0
3.111,N88D C-term,0,3/1/2019,0,515.6845700000001,0,0,Thelper,2.0
1.037037,N88D C-term,0,3/1/2019,0,384.20507799999996,0,0,Thelper,2.0
0.345679,N88D C-term,0,3/1/2019,0,318.8610840000001,0,0,Thelper,2.0
0.115226,N88D C-term,0,3/1/2019,0,205.80017099999964,0,0,Thelper,2.0
0.038409,N88D C-term,0,3/1/2019,0,0.0,0,0,Thelper,2.0
0.012803,N88D C-term,0,3/1/2019,0,294.71984900000007,0,0,Thelper,2.0
0.004268,N88D C-term,0,3/1/2019,0,290.28125,0,0,Thelper,2.0
0.001423,N88D C-term,0,3/1/2019,0,181.37500000000045,0,0,Thelper,2.0
0.000474,N88D C-term,0,3/1/2019,0,282.99462900000003,0,0,Thelper,2.0
84.0,N88D C-term,0,3/1/2019,0,1681.655517,0,0,Thelper,4.0
28.0,N88D C-term,0,3/1/2019,0,1433.9069819999997,0,0,Thelper,4.0
9.333333,N88D C-term,0,3/1/2019,0,970.3115230000001,0,0,Thelper,4.0
3.111,N88D C-term,0,3/1/2019,0,691.3259270000001,0,0,Thelper,4.0
1.037037,N88D C-term,0,3/1/2019,0,449.05297799999994,0,0,Thelper,4.0
0.345679,N88D C-term,0,3/1/2019,0,372.64379799999983,0,0,Thelper,4.0
0.115226,N88D C-term,0,3/1/2019,0,390.4860839999999,0,0,Thelper,4.0
0.038409,N88D C-term,0,3/1/2019,0,296.7175289999998,0,0,Thelper,4.0
0.012803,N88D C-term,0,3/1/2019,0,322.6582030000002,0,0,Thelper,4.0
0.004268,N88D C-term,0,3/1/2019,0,319.8413080000007,0,0,Thelper,4.0
0.001423,N88D C-term,0,3/1/2019,0,113.31909100000007,0,0,Thelper,4.0
0.000474,N88D C-term,0,3/1/2019,0,0.0,0,0,Thelper,4.0
